Order ID,Product,Quantity Ordered,Price Each,Order Date,Purchase Address
1001,Headphones,1,2500,2024-01-04 23:17:00,"456 Maple Ave, Boston, MA"
1002,Keyboard,1,1200,2024-03-27 23:57:00,"123 Main St, Houston, TX"
1003,Tablet,4,30000,2024-01-05 00:05:00,"456 Maple Ave, Boston, MA"
1004,Tablet,5,30000,2024-01-04 17:12:00,"500 Cedar Blvd, Phoenix, AZ"
1005,Headphones,5,2500,2024-02-23 07:28:00,"789 Elm St, Houston, TX"
1006,Laptop,2,70000,2024-03-30 13:21:00,"456 Maple Ave, Chicago, IL"
1007,Keyboard,3,1200,2024-01-14 02:24:00,"789 Elm St, New York, NY"
1008,Monitor,5,15000,2024-02-03 01:46:00,"246 Oak St, Los Angeles, CA"
1009,Laptop,4,70000,2024-01-11 17:18:00,"246 Oak St, Phoenix, AZ"
1010,Monitor,5,15000,2024-01-25 22:04:00,"500 Cedar Blvd, New York, NY"
1011,Keyboard,3,1200,2024-01-11 07:55:00,"135 Pine Rd, New York, NY"
1012,Monitor,4,15000,2024-03-22 11:10:00,"789 Elm St, Chicago, IL"
1013,Keyboard,3,1200,2024-03-30 21:41:00,"246 Oak St, New York, NY"
1014,Headphones,2,2500,2024-03-09 23:15:00,"135 Pine Rd, Boston, MA"
1015,Mouse,3,800,2024-03-22 22:35:00,"500 Cedar Blvd, Boston, MA"
1016,Monitor,1,15000,2024-01-30 01:51:00,"135 Pine Rd, Chicago, IL"
1017,Monitor,1,15000,2024-01-28 18:56:00,"789 Elm St, Phoenix, AZ"
1018,Keyboard,4,1200,2024-02-20 20:29:00,"789 Elm St, Boston, MA"
1019,Keyboard,2,1200,2024-03-12 17:16:00,"246 Oak St, Phoenix, AZ"
1020,Mouse,5,800,2024-02-21 11:14:00,"246 Oak St, Boston, MA"
1021,Mouse,1,800,2024-01-07 03:09:00,"456 Maple Ave, Phoenix, AZ"
1022,Headphones,4,2500,2024-03-17 02:24:00,"246 Oak St, Los Angeles, CA"
1023,Mouse,5,800,2024-02-02 17:55:00,"500 Cedar Blvd, New York, NY"
1024,Headphones,1,2500,2024-03-28 17:48:00,"500 Cedar Blvd, Chicago, IL"
1025,Monitor,1,15000,2024-02-07 13:10:00,"123 Main St, Los Angeles, CA"
1026,Headphones,3,2500,2024-03-05 05:32:00,"500 Cedar Blvd, New York, NY"
1027,Monitor,5,15000,2024-03-18 06:09:00,"456 Maple Ave, Chicago, IL"
1028,Tablet,5,30000,2024-01-01 19:20:00,"123 Main St, Los Angeles, CA"
1029,Laptop,3,70000,2024-02-09 07:03:00,"246 Oak St, Boston, MA"
1030,Laptop,1,70000,2024-03-03 02:48:00,"456 Maple Ave, Houston, TX"
1031,Keyboard,4,1200,2024-03-11 05:16:00,"246 Oak St, Houston, TX"
1032,Mouse,2,800,2024-03-10 23:44:00,"500 Cedar Blvd, Boston, MA"
1033,Monitor,4,15000,2024-03-26 20:23:00,"246 Oak St, Los Angeles, CA"
1034,Mouse,1,800,2024-02-01 07:04:00,"123 Main St, Chicago, IL"
1035,Tablet,5,30000,2024-01-30 18:14:00,"123 Main St, New York, NY"
1036,Headphones,1,2500,2024-01-30 02:57:00,"789 Elm St, New York, NY"
1037,Laptop,5,70000,2024-01-31 08:42:00,"456 Maple Ave, Los Angeles, CA"
1038,Tablet,2,30000,2024-03-14 18:30:00,"135 Pine Rd, Boston, MA"
1039,Mouse,2,800,2024-01-13 03:42:00,"789 Elm St, Los Angeles, CA"
1040,Mouse,4,800,2024-02-29 23:03:00,"500 Cedar Blvd, Phoenix, AZ"
1041,Headphones,1,2500,2024-01-08 12:46:00,"123 Main St, Chicago, IL"
1042,Keyboard,2,1200,2024-01-25 17:28:00,"135 Pine Rd, Boston, MA"
1043,Keyboard,3,1200,2024-02-29 07:55:00,"135 Pine Rd, New York, NY"
1044,Tablet,1,30000,2024-01-07 20:34:00,"123 Main St, New York, NY"
1045,Keyboard,2,1200,2024-02-22 15:30:00,"135 Pine Rd, Boston, MA"
1046,Laptop,2,70000,2024-02-18 00:24:00,"135 Pine Rd, Chicago, IL"
1047,Monitor,4,15000,2024-03-30 23:50:00,"500 Cedar Blvd, Houston, TX"
1048,Headphones,4,2500,2024-01-20 06:18:00,"123 Main St, Boston, MA"
1049,Tablet,5,30000,2024-01-08 23:20:00,"123 Main St, New York, NY"
1050,Tablet,4,30000,2024-03-05 16:10:00,"246 Oak St, New York, NY"
1051,Laptop,2,70000,2024-01-09 19:04:00,"456 Maple Ave, Phoenix, AZ"
1052,Mouse,1,800,2024-03-13 07:37:00,"123 Main St, Houston, TX"
1053,Tablet,1,30000,2024-02-23 21:37:00,"246 Oak St, Houston, TX"
1054,Monitor,3,15000,2024-01-27 21:45:00,"456 Maple Ave, Chicago, IL"
1055,Monitor,4,15000,2024-01-17 21:41:00,"135 Pine Rd, Chicago, IL"
1056,Monitor,1,15000,2024-01-02 14:39:00,"123 Main St, Houston, TX"
1057,Laptop,5,70000,2024-01-28 16:16:00,"789 Elm St, Boston, MA"
1058,Laptop,2,70000,2024-02-17 09:10:00,"246 Oak St, Los Angeles, CA"
1059,Headphones,3,2500,2024-03-19 20:33:00,"500 Cedar Blvd, New York, NY"
1060,Tablet,3,30000,2024-03-25 03:56:00,"789 Elm St, Boston, MA"
1061,Laptop,1,70000,2024-03-11 04:17:00,"246 Oak St, Chicago, IL"
1062,Keyboard,3,1200,2024-01-27 21:40:00,"246 Oak St, Chicago, IL"
1063,Mouse,3,800,2024-01-07 02:40:00,"789 Elm St, Los Angeles, CA"
1064,Laptop,1,70000,2024-02-12 04:40:00,"456 Maple Ave, Chicago, IL"
1065,Headphones,4,2500,2024-03-11 22:27:00,"123 Main St, Houston, TX"
1066,Laptop,1,70000,2024-03-29 04:34:00,"789 Elm St, New York, NY"
1067,Tablet,5,30000,2024-01-19 13:08:00,"789 Elm St, New York, NY"
1068,Monitor,1,15000,2024-02-15 06:43:00,"500 Cedar Blvd, Boston, MA"
1069,Laptop,3,70000,2024-03-12 13:39:00,"456 Maple Ave, Phoenix, AZ"
1070,Keyboard,2,1200,2024-01-23 13:01:00,"500 Cedar Blvd, Boston, MA"
1071,Monitor,4,15000,2024-03-26 23:51:00,"789 Elm St, Boston, MA"
1072,Keyboard,1,1200,2024-02-18 01:54:00,"456 Maple Ave, Los Angeles, CA"
1073,Keyboard,4,1200,2024-02-14 09:52:00,"456 Maple Ave, Boston, MA"
1074,Laptop,2,70000,2024-02-21 10:17:00,"789 Elm St, New York, NY"
1075,Monitor,5,15000,2024-02-21 21:53:00,"789 Elm St, Houston, TX"
1076,Laptop,1,70000,2024-02-03 05:37:00,"123 Main St, Chicago, IL"
1077,Laptop,5,70000,2024-02-25 11:46:00,"135 Pine Rd, Chicago, IL"
1078,Tablet,5,30000,2024-01-15 12:57:00,"456 Maple Ave, Houston, TX"
1079,Monitor,1,15000,2024-03-31 13:00:00,"246 Oak St, Houston, TX"
1080,Headphones,2,2500,2024-02-16 13:04:00,"789 Elm St, Phoenix, AZ"
1081,Tablet,3,30000,2024-03-25 03:46:00,"246 Oak St, Chicago, IL"
1082,Monitor,4,15000,2024-02-11 12:44:00,"246 Oak St, Chicago, IL"
1083,Keyboard,2,1200,2024-02-23 21:24:00,"500 Cedar Blvd, Phoenix, AZ"
1084,Keyboard,5,1200,2024-03-13 09:25:00,"123 Main St, Houston, TX"
1085,Monitor,3,15000,2024-01-27 13:50:00,"246 Oak St, Houston, TX"
1086,Headphones,3,2500,2024-02-29 14:28:00,"456 Maple Ave, Phoenix, AZ"
1087,Tablet,4,30000,2024-01-22 21:05:00,"246 Oak St, Chicago, IL"
1088,Headphones,5,2500,2024-02-12 02:52:00,"500 Cedar Blvd, Boston, MA"
1089,Monitor,2,15000,2024-01-26 04:01:00,"456 Maple Ave, New York, NY"
1090,Mouse,5,800,2024-01-10 14:26:00,"246 Oak St, Phoenix, AZ"
1091,Keyboard,4,1200,2024-03-04 12:15:00,"500 Cedar Blvd, Boston, MA"
1092,Headphones,1,2500,2024-01-14 13:14:00,"500 Cedar Blvd, Boston, MA"
1093,Tablet,4,30000,2024-01-07 17:15:00,"135 Pine Rd, New York, NY"
1094,Keyboard,4,1200,2024-03-26 16:35:00,"789 Elm St, Houston, TX"
1095,Mouse,5,800,2024-03-05 13:53:00,"135 Pine Rd, Houston, TX"
1096,Keyboard,4,1200,2024-02-27 08:48:00,"500 Cedar Blvd, Boston, MA"
1097,Monitor,5,15000,2024-03-03 20:15:00,"135 Pine Rd, Chicago, IL"
1098,Laptop,3,70000,2024-01-31 08:21:00,"246 Oak St, Chicago, IL"
1099,Laptop,2,70000,2024-01-20 07:24:00,"456 Maple Ave, Phoenix, AZ"
1100,Headphones,2,2500,2024-01-09 13:26:00,"246 Oak St, Chicago, IL"
1101,Mouse,4,800,2024-01-08 06:53:00,"135 Pine Rd, Los Angeles, CA"
1102,Tablet,1,30000,2024-03-14 12:30:00,"789 Elm St, New York, NY"
1103,Monitor,4,15000,2024-02-23 17:47:00,"246 Oak St, Phoenix, AZ"
1104,Tablet,2,30000,2024-03-03 07:17:00,"135 Pine Rd, Los Angeles, CA"
1105,Laptop,4,70000,2024-02-13 21:43:00,"500 Cedar Blvd, Los Angeles, CA"
1106,Keyboard,4,1200,2024-01-17 19:34:00,"135 Pine Rd, New York, NY"
1107,Tablet,5,30000,2024-03-25 00:05:00,"135 Pine Rd, Phoenix, AZ"
1108,Keyboard,4,1200,2024-01-24 01:16:00,"789 Elm St, Los Angeles, CA"
1109,Keyboard,4,1200,2024-02-11 10:48:00,"789 Elm St, Los Angeles, CA"
1110,Mouse,3,800,2024-01-11 15:01:00,"246 Oak St, Phoenix, AZ"
1111,Laptop,3,70000,2024-01-29 20:04:00,"123 Main St, Phoenix, AZ"
1112,Laptop,2,70000,2024-01-26 00:39:00,"456 Maple Ave, Boston, MA"
1113,Keyboard,4,1200,2024-03-26 03:36:00,"135 Pine Rd, Boston, MA"
1114,Headphones,3,2500,2024-02-17 05:38:00,"500 Cedar Blvd, Houston, TX"
1115,Headphones,1,2500,2024-01-21 09:06:00,"123 Main St, Houston, TX"
1116,Monitor,5,15000,2024-03-27 12:25:00,"456 Maple Ave, Phoenix, AZ"
1117,Laptop,5,70000,2024-03-29 20:15:00,"500 Cedar Blvd, New York, NY"
1118,Monitor,5,15000,2024-01-16 18:50:00,"789 Elm St, New York, NY"
1119,Tablet,4,30000,2024-03-25 11:04:00,"500 Cedar Blvd, Houston, TX"
1120,Monitor,1,15000,2024-02-23 15:06:00,"789 Elm St, Los Angeles, CA"
1121,Headphones,4,2500,2024-03-31 04:27:00,"500 Cedar Blvd, Boston, MA"
1122,Tablet,3,30000,2024-03-19 17:49:00,"135 Pine Rd, Los Angeles, CA"
1123,Mouse,5,800,2024-02-04 10:54:00,"123 Main St, Boston, MA"
1124,Monitor,4,15000,2024-02-01 14:36:00,"500 Cedar Blvd, Houston, TX"
1125,Mouse,3,800,2024-01-04 15:54:00,"456 Maple Ave, Chicago, IL"
1126,Mouse,2,800,2024-02-15 08:21:00,"246 Oak St, Chicago, IL"
1127,Headphones,3,2500,2024-03-12 00:33:00,"123 Main St, Boston, MA"
1128,Keyboard,4,1200,2024-03-03 17:48:00,"500 Cedar Blvd, Boston, MA"
1129,Mouse,4,800,2024-02-27 00:05:00,"456 Maple Ave, Chicago, IL"
1130,Mouse,2,800,2024-02-09 21:37:00,"135 Pine Rd, Chicago, IL"
1131,Tablet,5,30000,2024-02-14 13:47:00,"789 Elm St, Houston, TX"
1132,Monitor,4,15000,2024-02-04 09:16:00,"123 Main St, Boston, MA"
1133,Headphones,2,2500,2024-02-10 03:47:00,"500 Cedar Blvd, Houston, TX"
1134,Keyboard,2,1200,2024-01-28 23:30:00,"500 Cedar Blvd, Chicago, IL"
1135,Tablet,5,30000,2024-03-17 09:06:00,"789 Elm St, Boston, MA"
1136,Keyboard,3,1200,2024-01-23 09:00:00,"246 Oak St, Phoenix, AZ"
1137,Keyboard,3,1200,2024-01-06 01:35:00,"500 Cedar Blvd, Chicago, IL"
1138,Keyboard,4,1200,2024-01-14 00:36:00,"135 Pine Rd, Chicago, IL"
1139,Mouse,4,800,2024-02-13 05:03:00,"135 Pine Rd, Chicago, IL"
1140,Laptop,1,70000,2024-02-21 15:04:00,"500 Cedar Blvd, Houston, TX"
1141,Headphones,1,2500,2024-01-20 04:51:00,"789 Elm St, Houston, TX"
1142,Laptop,2,70000,2024-01-16 17:48:00,"246 Oak St, Los Angeles, CA"
1143,Tablet,5,30000,2024-01-29 16:24:00,"135 Pine Rd, Los Angeles, CA"
1144,Monitor,5,15000,2024-02-24 09:36:00,"123 Main St, Houston, TX"
1145,Tablet,1,30000,2024-01-27 20:13:00,"500 Cedar Blvd, Chicago, IL"
1146,Laptop,2,70000,2024-01-31 05:35:00,"456 Maple Ave, New York, NY"
1147,Laptop,4,70000,2024-02-27 22:38:00,"789 Elm St, Los Angeles, CA"
1148,Laptop,2,70000,2024-02-06 22:18:00,"135 Pine Rd, Phoenix, AZ"
1149,Laptop,2,70000,2024-02-03 20:37:00,"456 Maple Ave, Phoenix, AZ"
1150,Mouse,1,800,2024-03-10 07:41:00,"789 Elm St, Boston, MA"
1151,Keyboard,1,1200,2024-01-08 05:50:00,"246 Oak St, Chicago, IL"
1152,Headphones,5,2500,2024-02-06 14:07:00,"500 Cedar Blvd, Los Angeles, CA"
1153,Monitor,4,15000,2024-02-04 16:34:00,"135 Pine Rd, Los Angeles, CA"
1154,Laptop,5,70000,2024-01-06 13:47:00,"246 Oak St, Chicago, IL"
1155,Monitor,1,15000,2024-01-12 07:43:00,"246 Oak St, Houston, TX"
1156,Laptop,3,70000,2024-03-14 01:48:00,"135 Pine Rd, Boston, MA"
1157,Tablet,4,30000,2024-02-05 05:37:00,"500 Cedar Blvd, Los Angeles, CA"
1158,Mouse,1,800,2024-03-01 11:26:00,"789 Elm St, Chicago, IL"
1159,Headphones,1,2500,2024-01-21 10:26:00,"135 Pine Rd, Phoenix, AZ"
1160,Monitor,4,15000,2024-03-11 01:29:00,"789 Elm St, New York, NY"
1161,Monitor,3,15000,2024-01-15 12:55:00,"123 Main St, Houston, TX"
1162,Headphones,5,2500,2024-02-29 13:03:00,"246 Oak St, Boston, MA"
1163,Monitor,5,15000,2024-03-04 20:28:00,"456 Maple Ave, New York, NY"
1164,Monitor,5,15000,2024-01-17 09:28:00,"135 Pine Rd, Phoenix, AZ"
1165,Laptop,1,70000,2024-03-21 19:51:00,"500 Cedar Blvd, Boston, MA"
1166,Keyboard,3,1200,2024-03-11 00:35:00,"123 Main St, Los Angeles, CA"
1167,Keyboard,1,1200,2024-02-29 03:41:00,"135 Pine Rd, Boston, MA"
1168,Headphones,3,2500,2024-03-06 22:17:00,"135 Pine Rd, Los Angeles, CA"
1169,Mouse,2,800,2024-02-28 17:09:00,"456 Maple Ave, Los Angeles, CA"
1170,Tablet,5,30000,2024-01-18 02:17:00,"789 Elm St, Los Angeles, CA"
1171,Tablet,3,30000,2024-01-01 09:46:00,"246 Oak St, Chicago, IL"
1172,Tablet,4,30000,2024-01-20 14:34:00,"789 Elm St, Los Angeles, CA"
1173,Monitor,5,15000,2024-03-10 12:29:00,"456 Maple Ave, Chicago, IL"
1174,Headphones,2,2500,2024-03-14 12:14:00,"123 Main St, Los Angeles, CA"
1175,Monitor,4,15000,2024-03-31 12:24:00,"500 Cedar Blvd, Phoenix, AZ"
1176,Keyboard,4,1200,2024-01-05 04:32:00,"789 Elm St, Houston, TX"
1177,Laptop,4,70000,2024-01-13 16:58:00,"123 Main St, Los Angeles, CA"
1178,Headphones,2,2500,2024-02-22 20:09:00,"135 Pine Rd, New York, NY"
1179,Monitor,3,15000,2024-03-20 22:25:00,"123 Main St, Phoenix, AZ"
1180,Monitor,5,15000,2024-02-18 10:40:00,"135 Pine Rd, Phoenix, AZ"
1181,Tablet,1,30000,2024-03-20 02:15:00,"500 Cedar Blvd, Phoenix, AZ"
1182,Monitor,2,15000,2024-01-12 13:06:00,"500 Cedar Blvd, Phoenix, AZ"
1183,Laptop,4,70000,2024-01-22 22:19:00,"123 Main St, New York, NY"
1184,Monitor,1,15000,2024-02-07 11:23:00,"456 Maple Ave, Los Angeles, CA"
1185,Keyboard,5,1200,2024-02-22 18:43:00,"456 Maple Ave, Boston, MA"
1186,Keyboard,1,1200,2024-03-19 12:39:00,"456 Maple Ave, Phoenix, AZ"
1187,Mouse,5,800,2024-01-19 07:29:00,"789 Elm St, Phoenix, AZ"
1188,Mouse,3,800,2024-03-26 00:57:00,"789 Elm St, Los Angeles, CA"
1189,Headphones,5,2500,2024-01-21 02:28:00,"246 Oak St, Chicago, IL"
1190,Monitor,4,15000,2024-03-29 08:29:00,"456 Maple Ave, Chicago, IL"
1191,Mouse,4,800,2024-01-14 07:24:00,"789 Elm St, Houston, TX"
1192,Tablet,3,30000,2024-03-30 09:01:00,"135 Pine Rd, Phoenix, AZ"
1193,Monitor,1,15000,2024-03-13 21:49:00,"123 Main St, Phoenix, AZ"
1194,Tablet,4,30000,2024-02-06 07:38:00,"456 Maple Ave, Chicago, IL"
1195,Headphones,2,2500,2024-03-20 08:43:00,"500 Cedar Blvd, Phoenix, AZ"
1196,Headphones,2,2500,2024-03-21 03:57:00,"500 Cedar Blvd, Phoenix, AZ"
1197,Laptop,3,70000,2024-02-26 01:37:00,"500 Cedar Blvd, Chicago, IL"
1198,Keyboard,1,1200,2024-02-07 10:47:00,"456 Maple Ave, Los Angeles, CA"
1199,Keyboard,2,1200,2024-03-10 11:33:00,"789 Elm St, Houston, TX"
1200,Keyboard,3,1200,2024-03-02 09:47:00,"123 Main St, Chicago, IL"
1201,Mouse,1,800,2024-01-19 07:55:00,"500 Cedar Blvd, Phoenix, AZ"
1202,Headphones,4,2500,2024-03-12 11:05:00,"123 Main St, Los Angeles, CA"
1203,Monitor,5,15000,2024-01-16 14:23:00,"500 Cedar Blvd, Phoenix, AZ"
1204,Headphones,3,2500,2024-03-15 12:52:00,"789 Elm St, Phoenix, AZ"
1205,Laptop,2,70000,2024-03-01 00:39:00,"789 Elm St, Houston, TX"
1206,Tablet,2,30000,2024-03-23 02:40:00,"500 Cedar Blvd, Los Angeles, CA"
1207,Monitor,4,15000,2024-01-15 04:02:00,"789 Elm St, New York, NY"
1208,Mouse,1,800,2024-01-13 07:56:00,"456 Maple Ave, Houston, TX"
1209,Mouse,4,800,2024-02-17 21:47:00,"246 Oak St, Phoenix, AZ"
1210,Mouse,5,800,2024-01-20 13:41:00,"135 Pine Rd, New York, NY"
1211,Tablet,4,30000,2024-02-05 01:44:00,"456 Maple Ave, Chicago, IL"
1212,Mouse,4,800,2024-01-31 11:06:00,"789 Elm St, Phoenix, AZ"
1213,Tablet,3,30000,2024-01-08 12:17:00,"123 Main St, Boston, MA"
1214,Mouse,1,800,2024-03-25 06:41:00,"246 Oak St, Phoenix, AZ"
1215,Laptop,1,70000,2024-02-12 07:08:00,"456 Maple Ave, Houston, TX"
1216,Laptop,5,70000,2024-01-27 18:13:00,"789 Elm St, Boston, MA"
1217,Keyboard,5,1200,2024-01-01 08:54:00,"456 Maple Ave, Boston, MA"
1218,Tablet,3,30000,2024-01-23 03:42:00,"456 Maple Ave, New York, NY"
1219,Laptop,3,70000,2024-01-31 18:20:00,"456 Maple Ave, New York, NY"
1220,Monitor,1,15000,2024-01-17 23:26:00,"123 Main St, Houston, TX"
1221,Headphones,1,2500,2024-03-01 14:49:00,"246 Oak St, Chicago, IL"
1222,Tablet,1,30000,2024-02-27 16:14:00,"123 Main St, Houston, TX"
1223,Headphones,5,2500,2024-02-08 14:41:00,"123 Main St, New York, NY"
1224,Mouse,4,800,2024-02-24 21:06:00,"500 Cedar Blvd, Los Angeles, CA"
1225,Mouse,1,800,2024-01-11 10:38:00,"123 Main St, Boston, MA"
1226,Keyboard,3,1200,2024-03-20 20:37:00,"500 Cedar Blvd, Houston, TX"
1227,Monitor,4,15000,2024-03-17 16:18:00,"246 Oak St, Los Angeles, CA"
1228,Tablet,4,30000,2024-01-13 22:07:00,"500 Cedar Blvd, Phoenix, AZ"
1229,Tablet,2,30000,2024-02-25 14:56:00,"135 Pine Rd, Boston, MA"
1230,Monitor,4,15000,2024-02-21 13:46:00,"789 Elm St, New York, NY"
1231,Mouse,3,800,2024-03-26 08:23:00,"500 Cedar Blvd, Boston, MA"
1232,Mouse,1,800,2024-01-12 02:05:00,"123 Main St, Los Angeles, CA"
1233,Headphones,3,2500,2024-01-17 17:03:00,"246 Oak St, Houston, TX"
1234,Tablet,3,30000,2024-03-26 03:26:00,"500 Cedar Blvd, Chicago, IL"
1235,Mouse,1,800,2024-02-06 19:19:00,"123 Main St, Chicago, IL"
1236,Tablet,5,30000,2024-01-28 04:42:00,"456 Maple Ave, Los Angeles, CA"
1237,Laptop,3,70000,2024-03-12 11:07:00,"246 Oak St, Chicago, IL"
1238,Keyboard,4,1200,2024-03-12 19:39:00,"500 Cedar Blvd, Phoenix, AZ"
1239,Tablet,1,30000,2024-03-18 21:53:00,"789 Elm St, Phoenix, AZ"
1240,Laptop,2,70000,2024-02-04 22:48:00,"789 Elm St, Chicago, IL"
1241,Monitor,1,15000,2024-01-24 04:36:00,"135 Pine Rd, Phoenix, AZ"
1242,Laptop,2,70000,2024-03-22 00:05:00,"246 Oak St, Phoenix, AZ"
1243,Keyboard,4,1200,2024-02-23 14:21:00,"789 Elm St, Boston, MA"
1244,Monitor,3,15000,2024-03-13 19:05:00,"456 Maple Ave, New York, NY"
1245,Keyboard,5,1200,2024-01-07 21:05:00,"135 Pine Rd, Chicago, IL"
1246,Headphones,4,2500,2024-03-03 19:28:00,"789 Elm St, Los Angeles, CA"
1247,Keyboard,5,1200,2024-01-15 11:27:00,"789 Elm St, New York, NY"
1248,Headphones,5,2500,2024-03-03 16:42:00,"123 Main St, Chicago, IL"
1249,Keyboard,4,1200,2024-03-17 01:00:00,"789 Elm St, Boston, MA"
1250,Keyboard,2,1200,2024-02-02 09:20:00,"123 Main St, New York, NY"
1251,Mouse,4,800,2024-01-23 04:24:00,"500 Cedar Blvd, Houston, TX"
1252,Keyboard,5,1200,2024-03-12 21:51:00,"123 Main St, Chicago, IL"
1253,Mouse,1,800,2024-02-25 00:29:00,"789 Elm St, New York, NY"
1254,Tablet,4,30000,2024-03-14 12:45:00,"135 Pine Rd, Phoenix, AZ"
1255,Monitor,1,15000,2024-02-21 00:20:00,"246 Oak St, Boston, MA"
1256,Mouse,3,800,2024-01-12 13:54:00,"456 Maple Ave, New York, NY"
1257,Mouse,5,800,2024-02-21 16:05:00,"789 Elm St, Los Angeles, CA"
1258,Headphones,3,2500,2024-01-29 10:49:00,"123 Main St, Boston, MA"
1259,Tablet,1,30000,2024-03-08 16:12:00,"789 Elm St, Chicago, IL"
1260,Headphones,2,2500,2024-01-31 03:09:00,"456 Maple Ave, Chicago, IL"
1261,Keyboard,5,1200,2024-01-20 20:04:00,"500 Cedar Blvd, Boston, MA"
1262,Mouse,4,800,2024-03-13 18:28:00,"246 Oak St, Phoenix, AZ"
1263,Headphones,5,2500,2024-02-11 20:20:00,"135 Pine Rd, Boston, MA"
1264,Laptop,4,70000,2024-02-26 20:19:00,"246 Oak St, Chicago, IL"
1265,Laptop,3,70000,2024-03-05 02:19:00,"135 Pine Rd, Los Angeles, CA"
1266,Laptop,1,70000,2024-02-17 09:04:00,"123 Main St, Phoenix, AZ"
1267,Tablet,5,30000,2024-03-05 12:29:00,"246 Oak St, Houston, TX"
1268,Headphones,1,2500,2024-02-27 18:41:00,"789 Elm St, Boston, MA"
1269,Tablet,4,30000,2024-03-05 04:03:00,"123 Main St, Los Angeles, CA"
1270,Monitor,1,15000,2024-03-05 20:11:00,"456 Maple Ave, New York, NY"
1271,Headphones,4,2500,2024-02-26 16:33:00,"456 Maple Ave, Houston, TX"
1272,Monitor,3,15000,2024-02-06 12:26:00,"500 Cedar Blvd, Chicago, IL"
1273,Tablet,1,30000,2024-03-21 20:21:00,"789 Elm St, New York, NY"
1274,Laptop,5,70000,2024-03-27 12:18:00,"500 Cedar Blvd, Chicago, IL"
1275,Headphones,5,2500,2024-01-20 10:05:00,"500 Cedar Blvd, Houston, TX"
1276,Keyboard,3,1200,2024-02-09 20:44:00,"135 Pine Rd, Phoenix, AZ"
1277,Keyboard,5,1200,2024-03-31 02:19:00,"135 Pine Rd, Houston, TX"
1278,Headphones,3,2500,2024-01-17 21:44:00,"500 Cedar Blvd, Phoenix, AZ"
1279,Tablet,1,30000,2024-03-23 21:27:00,"789 Elm St, Houston, TX"
1280,Laptop,3,70000,2024-02-09 05:13:00,"135 Pine Rd, Chicago, IL"
1281,Keyboard,2,1200,2024-01-18 04:04:00,"123 Main St, Chicago, IL"
1282,Tablet,5,30000,2024-03-08 01:42:00,"246 Oak St, Chicago, IL"
1283,Keyboard,5,1200,2024-02-18 04:10:00,"500 Cedar Blvd, Boston, MA"
1284,Tablet,2,30000,2024-02-26 01:26:00,"500 Cedar Blvd, Chicago, IL"
1285,Headphones,2,2500,2024-02-26 19:18:00,"135 Pine Rd, Phoenix, AZ"
1286,Keyboard,5,1200,2024-01-31 09:51:00,"456 Maple Ave, Los Angeles, CA"
1287,Monitor,5,15000,2024-02-26 14:49:00,"135 Pine Rd, Chicago, IL"
1288,Tablet,5,30000,2024-02-23 05:52:00,"246 Oak St, Boston, MA"
1289,Keyboard,3,1200,2024-01-07 20:30:00,"246 Oak St, Chicago, IL"
1290,Laptop,5,70000,2024-01-16 09:05:00,"789 Elm St, Boston, MA"
1291,Mouse,5,800,2024-01-19 13:05:00,"135 Pine Rd, Boston, MA"
1292,Monitor,1,15000,2024-02-23 01:25:00,"789 Elm St, Houston, TX"
1293,Keyboard,4,1200,2024-01-11 11:14:00,"789 Elm St, New York, NY"
1294,Laptop,3,70000,2024-01-19 04:02:00,"135 Pine Rd, Chicago, IL"
1295,Headphones,2,2500,2024-03-31 15:28:00,"123 Main St, Houston, TX"
1296,Laptop,1,70000,2024-02-02 06:53:00,"246 Oak St, Boston, MA"
1297,Headphones,5,2500,2024-03-08 13:07:00,"456 Maple Ave, Chicago, IL"
1298,Monitor,1,15000,2024-01-07 07:26:00,"246 Oak St, Phoenix, AZ"
1299,Mouse,1,800,2024-01-15 15:38:00,"123 Main St, Houston, TX"
1300,Headphones,5,2500,2024-03-14 07:45:00,"789 Elm St, Boston, MA"
1301,Mouse,1,800,2024-03-19 11:15:00,"135 Pine Rd, Houston, TX"
1302,Keyboard,1,1200,2024-03-08 11:04:00,"246 Oak St, Houston, TX"
1303,Tablet,5,30000,2024-03-11 00:24:00,"123 Main St, Los Angeles, CA"
1304,Headphones,4,2500,2024-02-17 08:47:00,"789 Elm St, New York, NY"
1305,Laptop,3,70000,2024-01-31 23:42:00,"123 Main St, Phoenix, AZ"
1306,Tablet,3,30000,2024-01-18 01:22:00,"789 Elm St, Houston, TX"
1307,Headphones,2,2500,2024-03-28 14:44:00,"500 Cedar Blvd, Los Angeles, CA"
1308,Keyboard,2,1200,2024-01-09 22:49:00,"123 Main St, Los Angeles, CA"
1309,Monitor,2,15000,2024-01-06 06:56:00,"789 Elm St, New York, NY"
1310,Monitor,5,15000,2024-02-20 17:30:00,"123 Main St, Chicago, IL"
1311,Headphones,2,2500,2024-02-06 11:55:00,"500 Cedar Blvd, New York, NY"
1312,Monitor,3,15000,2024-01-16 11:27:00,"500 Cedar Blvd, Los Angeles, CA"
1313,Mouse,4,800,2024-02-13 05:31:00,"135 Pine Rd, Phoenix, AZ"
1314,Monitor,5,15000,2024-02-04 02:46:00,"123 Main St, Los Angeles, CA"
1315,Mouse,5,800,2024-01-24 17:18:00,"123 Main St, Chicago, IL"
1316,Laptop,3,70000,2024-03-25 09:19:00,"246 Oak St, Los Angeles, CA"
1317,Headphones,4,2500,2024-01-22 22:28:00,"135 Pine Rd, Chicago, IL"
1318,Laptop,3,70000,2024-03-19 13:17:00,"123 Main St, Phoenix, AZ"
1319,Laptop,4,70000,2024-02-16 16:51:00,"500 Cedar Blvd, Phoenix, AZ"
1320,Keyboard,1,1200,2024-01-19 19:43:00,"123 Main St, Los Angeles, CA"
1321,Keyboard,1,1200,2024-01-31 20:23:00,"135 Pine Rd, Chicago, IL"
1322,Tablet,1,30000,2024-03-18 04:43:00,"789 Elm St, Los Angeles, CA"
1323,Monitor,4,15000,2024-01-10 18:08:00,"789 Elm St, Houston, TX"
1324,Mouse,3,800,2024-03-24 08:15:00,"123 Main St, New York, NY"
1325,Headphones,2,2500,2024-03-04 16:24:00,"123 Main St, Houston, TX"
1326,Monitor,3,15000,2024-03-31 14:13:00,"789 Elm St, Houston, TX"
1327,Headphones,4,2500,2024-01-26 03:08:00,"135 Pine Rd, New York, NY"
1328,Keyboard,4,1200,2024-01-12 21:54:00,"500 Cedar Blvd, Chicago, IL"
1329,Monitor,1,15000,2024-03-11 17:18:00,"456 Maple Ave, Chicago, IL"
1330,Headphones,2,2500,2024-02-16 16:14:00,"456 Maple Ave, New York, NY"
1331,Keyboard,2,1200,2024-03-04 00:23:00,"246 Oak St, Houston, TX"
1332,Monitor,4,15000,2024-03-11 04:39:00,"123 Main St, New York, NY"
1333,Monitor,4,15000,2024-03-02 16:26:00,"246 Oak St, Los Angeles, CA"
1334,Laptop,2,70000,2024-02-10 20:04:00,"135 Pine Rd, Los Angeles, CA"
1335,Headphones,5,2500,2024-02-14 04:56:00,"500 Cedar Blvd, Houston, TX"
1336,Tablet,2,30000,2024-01-17 13:32:00,"123 Main St, New York, NY"
1337,Tablet,2,30000,2024-02-08 05:10:00,"500 Cedar Blvd, Chicago, IL"
1338,Keyboard,3,1200,2024-03-07 09:54:00,"789 Elm St, New York, NY"
1339,Keyboard,5,1200,2024-02-05 04:40:00,"246 Oak St, Chicago, IL"
1340,Tablet,1,30000,2024-03-05 20:10:00,"246 Oak St, Houston, TX"
1341,Keyboard,2,1200,2024-03-25 19:46:00,"789 Elm St, Houston, TX"
1342,Tablet,1,30000,2024-01-04 02:02:00,"246 Oak St, Phoenix, AZ"
1343,Monitor,2,15000,2024-03-14 13:39:00,"123 Main St, Phoenix, AZ"
1344,Mouse,5,800,2024-02-07 20:19:00,"456 Maple Ave, Los Angeles, CA"
1345,Headphones,4,2500,2024-02-08 14:04:00,"123 Main St, Phoenix, AZ"
1346,Keyboard,4,1200,2024-02-23 15:29:00,"789 Elm St, Boston, MA"
1347,Tablet,2,30000,2024-02-10 22:20:00,"789 Elm St, Phoenix, AZ"
1348,Mouse,2,800,2024-02-17 16:35:00,"789 Elm St, New York, NY"
1349,Keyboard,4,1200,2024-01-16 08:28:00,"456 Maple Ave, Boston, MA"
1350,Laptop,1,70000,2024-02-07 12:55:00,"135 Pine Rd, Houston, TX"
1351,Keyboard,2,1200,2024-02-11 18:46:00,"456 Maple Ave, Chicago, IL"
1352,Keyboard,4,1200,2024-03-06 14:31:00,"135 Pine Rd, Chicago, IL"
1353,Laptop,1,70000,2024-02-20 16:29:00,"456 Maple Ave, Boston, MA"
1354,Tablet,3,30000,2024-01-07 01:18:00,"246 Oak St, Los Angeles, CA"
1355,Headphones,4,2500,2024-02-06 17:00:00,"135 Pine Rd, New York, NY"
1356,Keyboard,3,1200,2024-02-16 12:23:00,"135 Pine Rd, New York, NY"
1357,Laptop,5,70000,2024-03-12 06:23:00,"789 Elm St, Houston, TX"
1358,Laptop,4,70000,2024-03-05 14:48:00,"789 Elm St, Houston, TX"
1359,Tablet,5,30000,2024-01-16 04:06:00,"789 Elm St, Los Angeles, CA"
1360,Monitor,5,15000,2024-02-16 04:12:00,"246 Oak St, Houston, TX"
1361,Mouse,5,800,2024-01-06 01:02:00,"500 Cedar Blvd, Boston, MA"
1362,Monitor,4,15000,2024-03-07 14:09:00,"246 Oak St, Houston, TX"
1363,Keyboard,3,1200,2024-03-19 10:10:00,"246 Oak St, Los Angeles, CA"
1364,Headphones,3,2500,2024-03-16 10:32:00,"246 Oak St, Houston, TX"
1365,Mouse,5,800,2024-02-08 15:52:00,"789 Elm St, New York, NY"
1366,Monitor,1,15000,2024-02-23 18:19:00,"500 Cedar Blvd, Phoenix, AZ"
1367,Headphones,1,2500,2024-03-17 15:16:00,"246 Oak St, Phoenix, AZ"
1368,Tablet,2,30000,2024-01-07 18:30:00,"246 Oak St, Boston, MA"
1369,Headphones,5,2500,2024-02-18 04:52:00,"456 Maple Ave, Phoenix, AZ"
1370,Laptop,5,70000,2024-03-30 03:12:00,"135 Pine Rd, New York, NY"
1371,Monitor,4,15000,2024-01-20 13:44:00,"135 Pine Rd, Boston, MA"
1372,Tablet,5,30000,2024-03-01 23:46:00,"500 Cedar Blvd, New York, NY"
1373,Keyboard,5,1200,2024-01-27 17:20:00,"135 Pine Rd, Phoenix, AZ"
1374,Tablet,4,30000,2024-02-10 05:29:00,"789 Elm St, Houston, TX"
1375,Tablet,3,30000,2024-03-27 23:43:00,"500 Cedar Blvd, Phoenix, AZ"
1376,Monitor,5,15000,2024-03-02 06:15:00,"246 Oak St, Chicago, IL"
1377,Monitor,2,15000,2024-02-08 09:45:00,"500 Cedar Blvd, Boston, MA"
1378,Headphones,4,2500,2024-02-10 15:22:00,"500 Cedar Blvd, Houston, TX"
1379,Monitor,3,15000,2024-01-16 18:43:00,"135 Pine Rd, Houston, TX"
1380,Mouse,3,800,2024-01-19 09:02:00,"500 Cedar Blvd, Chicago, IL"
1381,Laptop,3,70000,2024-02-26 20:16:00,"135 Pine Rd, Phoenix, AZ"
1382,Keyboard,2,1200,2024-03-09 08:59:00,"500 Cedar Blvd, Houston, TX"
1383,Monitor,2,15000,2024-01-14 19:47:00,"456 Maple Ave, Houston, TX"
1384,Keyboard,1,1200,2024-03-26 16:14:00,"456 Maple Ave, Phoenix, AZ"
1385,Laptop,1,70000,2024-02-22 10:45:00,"123 Main St, Los Angeles, CA"
1386,Headphones,2,2500,2024-01-01 17:59:00,"135 Pine Rd, Boston, MA"
1387,Headphones,4,2500,2024-03-02 20:12:00,"789 Elm St, Chicago, IL"
1388,Monitor,1,15000,2024-01-12 20:36:00,"246 Oak St, Boston, MA"
1389,Headphones,1,2500,2024-01-23 13:56:00,"123 Main St, Boston, MA"
1390,Mouse,4,800,2024-01-24 23:55:00,"123 Main St, Chicago, IL"
1391,Laptop,3,70000,2024-03-13 19:06:00,"789 Elm St, Chicago, IL"
1392,Mouse,5,800,2024-03-08 15:56:00,"246 Oak St, Boston, MA"
1393,Mouse,3,800,2024-01-25 03:21:00,"500 Cedar Blvd, Boston, MA"
1394,Mouse,3,800,2024-01-24 00:47:00,"789 Elm St, Chicago, IL"
1395,Tablet,2,30000,2024-01-23 19:54:00,"135 Pine Rd, Phoenix, AZ"
1396,Mouse,5,800,2024-02-11 02:25:00,"123 Main St, Phoenix, AZ"
1397,Keyboard,2,1200,2024-03-02 10:59:00,"123 Main St, Boston, MA"
1398,Monitor,4,15000,2024-01-31 14:48:00,"789 Elm St, Chicago, IL"
1399,Monitor,5,15000,2024-03-14 00:16:00,"789 Elm St, Phoenix, AZ"
1400,Headphones,2,2500,2024-01-08 21:07:00,"789 Elm St, Los Angeles, CA"
1401,Keyboard,4,1200,2024-03-28 16:59:00,"789 Elm St, Phoenix, AZ"
1402,Headphones,1,2500,2024-03-22 09:23:00,"456 Maple Ave, Houston, TX"
1403,Keyboard,2,1200,2024-03-02 04:29:00,"246 Oak St, Phoenix, AZ"
1404,Monitor,4,15000,2024-03-30 17:58:00,"246 Oak St, Los Angeles, CA"
1405,Headphones,2,2500,2024-02-01 21:48:00,"123 Main St, Houston, TX"
1406,Tablet,4,30000,2024-03-08 22:23:00,"246 Oak St, New York, NY"
1407,Laptop,1,70000,2024-03-11 16:12:00,"246 Oak St, Houston, TX"
1408,Keyboard,2,1200,2024-02-11 16:28:00,"500 Cedar Blvd, New York, NY"
1409,Keyboard,5,1200,2024-03-03 02:57:00,"135 Pine Rd, Houston, TX"
1410,Laptop,4,70000,2024-01-17 16:26:00,"246 Oak St, Los Angeles, CA"
1411,Laptop,5,70000,2024-02-29 21:51:00,"500 Cedar Blvd, Chicago, IL"
1412,Laptop,4,70000,2024-02-02 00:47:00,"246 Oak St, Boston, MA"
1413,Laptop,1,70000,2024-02-24 11:44:00,"246 Oak St, New York, NY"
1414,Laptop,1,70000,2024-03-01 01:18:00,"456 Maple Ave, Los Angeles, CA"
1415,Keyboard,4,1200,2024-02-17 12:28:00,"135 Pine Rd, Los Angeles, CA"
1416,Laptop,5,70000,2024-01-18 20:55:00,"123 Main St, Chicago, IL"
1417,Keyboard,5,1200,2024-02-20 16:08:00,"456 Maple Ave, Phoenix, AZ"
1418,Laptop,1,70000,2024-02-08 14:43:00,"246 Oak St, Phoenix, AZ"
1419,Mouse,5,800,2024-02-18 07:15:00,"789 Elm St, Los Angeles, CA"
1420,Keyboard,3,1200,2024-01-25 23:48:00,"123 Main St, New York, NY"
1421,Headphones,4,2500,2024-03-19 00:15:00,"123 Main St, Boston, MA"
1422,Laptop,5,70000,2024-01-05 14:38:00,"500 Cedar Blvd, Phoenix, AZ"
1423,Laptop,2,70000,2024-01-06 12:28:00,"246 Oak St, Boston, MA"
1424,Keyboard,1,1200,2024-01-18 16:18:00,"500 Cedar Blvd, Boston, MA"
1425,Tablet,3,30000,2024-03-14 19:49:00,"789 Elm St, Phoenix, AZ"
1426,Keyboard,3,1200,2024-01-19 21:33:00,"135 Pine Rd, Boston, MA"
1427,Monitor,3,15000,2024-01-08 17:37:00,"456 Maple Ave, Phoenix, AZ"
1428,Headphones,4,2500,2024-03-12 15:03:00,"500 Cedar Blvd, Chicago, IL"
1429,Headphones,4,2500,2024-03-08 10:44:00,"135 Pine Rd, Los Angeles, CA"
1430,Keyboard,3,1200,2024-02-18 05:48:00,"135 Pine Rd, Houston, TX"
1431,Keyboard,2,1200,2024-02-08 22:09:00,"123 Main St, Los Angeles, CA"
1432,Tablet,4,30000,2024-02-23 17:33:00,"135 Pine Rd, Boston, MA"
1433,Keyboard,3,1200,2024-01-27 10:41:00,"135 Pine Rd, New York, NY"
1434,Monitor,1,15000,2024-03-09 23:53:00,"123 Main St, Boston, MA"
1435,Monitor,4,15000,2024-03-27 19:38:00,"123 Main St, New York, NY"
1436,Keyboard,5,1200,2024-03-26 17:13:00,"456 Maple Ave, Los Angeles, CA"
1437,Monitor,3,15000,2024-01-02 06:59:00,"500 Cedar Blvd, Boston, MA"
1438,Laptop,4,70000,2024-02-01 22:38:00,"456 Maple Ave, Phoenix, AZ"
1439,Mouse,2,800,2024-03-11 10:49:00,"135 Pine Rd, Chicago, IL"
1440,Mouse,5,800,2024-03-24 11:19:00,"789 Elm St, Chicago, IL"
1441,Tablet,4,30000,2024-02-29 03:51:00,"135 Pine Rd, Phoenix, AZ"
1442,Monitor,2,15000,2024-02-17 10:26:00,"246 Oak St, New York, NY"
1443,Keyboard,2,1200,2024-01-03 08:35:00,"246 Oak St, Houston, TX"
1444,Headphones,4,2500,2024-02-07 04:12:00,"456 Maple Ave, Chicago, IL"
1445,Mouse,5,800,2024-02-01 15:35:00,"500 Cedar Blvd, Phoenix, AZ"
1446,Monitor,3,15000,2024-03-03 23:41:00,"135 Pine Rd, Phoenix, AZ"
1447,Mouse,2,800,2024-02-15 05:08:00,"246 Oak St, Phoenix, AZ"
1448,Mouse,2,800,2024-03-10 20:03:00,"123 Main St, Houston, TX"
1449,Laptop,1,70000,2024-01-01 13:08:00,"456 Maple Ave, Phoenix, AZ"
1450,Laptop,2,70000,2024-01-02 06:32:00,"789 Elm St, Los Angeles, CA"
1451,Laptop,5,70000,2024-03-22 21:59:00,"135 Pine Rd, Houston, TX"
1452,Headphones,4,2500,2024-01-03 00:34:00,"135 Pine Rd, Houston, TX"
1453,Laptop,1,70000,2024-03-08 23:17:00,"789 Elm St, Houston, TX"
1454,Laptop,5,70000,2024-03-30 21:27:00,"123 Main St, Boston, MA"
1455,Laptop,5,70000,2024-01-20 07:12:00,"246 Oak St, Houston, TX"
1456,Monitor,3,15000,2024-02-04 12:05:00,"135 Pine Rd, Chicago, IL"
1457,Mouse,5,800,2024-02-01 22:14:00,"500 Cedar Blvd, Chicago, IL"
1458,Laptop,1,70000,2024-01-12 12:24:00,"246 Oak St, Los Angeles, CA"
1459,Mouse,1,800,2024-03-22 00:44:00,"123 Main St, Boston, MA"
1460,Mouse,4,800,2024-03-23 10:36:00,"246 Oak St, New York, NY"
1461,Laptop,2,70000,2024-01-28 22:56:00,"135 Pine Rd, Houston, TX"
1462,Monitor,1,15000,2024-01-10 21:59:00,"246 Oak St, Chicago, IL"
1463,Tablet,1,30000,2024-01-23 10:01:00,"246 Oak St, Boston, MA"
1464,Keyboard,4,1200,2024-01-10 09:10:00,"456 Maple Ave, Houston, TX"
1465,Tablet,4,30000,2024-03-27 17:21:00,"500 Cedar Blvd, Los Angeles, CA"
1466,Keyboard,1,1200,2024-03-05 23:22:00,"123 Main St, New York, NY"
1467,Mouse,2,800,2024-01-10 10:38:00,"246 Oak St, Houston, TX"
1468,Mouse,3,800,2024-01-04 20:17:00,"135 Pine Rd, Los Angeles, CA"
1469,Keyboard,3,1200,2024-03-11 12:27:00,"500 Cedar Blvd, Boston, MA"
1470,Tablet,4,30000,2024-01-11 19:18:00,"500 Cedar Blvd, Boston, MA"
1471,Laptop,1,70000,2024-02-04 04:24:00,"500 Cedar Blvd, Phoenix, AZ"
1472,Keyboard,4,1200,2024-02-10 11:06:00,"123 Main St, New York, NY"
1473,Monitor,4,15000,2024-02-16 08:06:00,"123 Main St, Boston, MA"
1474,Keyboard,4,1200,2024-02-27 17:35:00,"135 Pine Rd, Houston, TX"
1475,Laptop,1,70000,2024-01-12 11:35:00,"246 Oak St, New York, NY"
1476,Tablet,3,30000,2024-02-19 00:18:00,"135 Pine Rd, Los Angeles, CA"
1477,Laptop,5,70000,2024-02-01 18:33:00,"500 Cedar Blvd, Boston, MA"
1478,Mouse,2,800,2024-01-18 08:19:00,"135 Pine Rd, Chicago, IL"
1479,Keyboard,1,1200,2024-01-22 13:17:00,"789 Elm St, Los Angeles, CA"
1480,Mouse,1,800,2024-02-16 08:15:00,"500 Cedar Blvd, Phoenix, AZ"
1481,Mouse,5,800,2024-03-19 06:29:00,"456 Maple Ave, New York, NY"
1482,Monitor,1,15000,2024-02-20 10:53:00,"135 Pine Rd, Houston, TX"
1483,Monitor,4,15000,2024-02-12 13:52:00,"246 Oak St, Phoenix, AZ"
1484,Keyboard,3,1200,2024-02-11 19:44:00,"135 Pine Rd, Boston, MA"
1485,Monitor,2,15000,2024-02-20 10:18:00,"500 Cedar Blvd, Phoenix, AZ"
1486,Headphones,4,2500,2024-03-14 07:20:00,"789 Elm St, Los Angeles, CA"
1487,Mouse,3,800,2024-01-15 18:12:00,"246 Oak St, Houston, TX"
1488,Keyboard,5,1200,2024-01-04 23:29:00,"456 Maple Ave, Phoenix, AZ"
1489,Mouse,3,800,2024-03-29 02:52:00,"500 Cedar Blvd, Los Angeles, CA"
1490,Mouse,2,800,2024-03-22 09:15:00,"500 Cedar Blvd, Chicago, IL"
1491,Keyboard,4,1200,2024-02-18 02:28:00,"135 Pine Rd, Houston, TX"
1492,Tablet,4,30000,2024-03-09 16:59:00,"135 Pine Rd, Phoenix, AZ"
1493,Tablet,1,30000,2024-02-16 22:57:00,"246 Oak St, Houston, TX"
1494,Headphones,1,2500,2024-01-14 07:42:00,"789 Elm St, Phoenix, AZ"
1495,Keyboard,5,1200,2024-01-06 18:41:00,"500 Cedar Blvd, Phoenix, AZ"
1496,Mouse,3,800,2024-02-25 03:00:00,"789 Elm St, New York, NY"
1497,Keyboard,5,1200,2024-03-07 17:37:00,"246 Oak St, Phoenix, AZ"
1498,Keyboard,4,1200,2024-02-17 12:29:00,"246 Oak St, Phoenix, AZ"
1499,Headphones,5,2500,2024-01-20 11:01:00,"123 Main St, Los Angeles, CA"
1500,Monitor,4,15000,2024-01-11 03:53:00,"456 Maple Ave, Phoenix, AZ"
1501,Monitor,3,15000,2024-02-13 14:50:00,"246 Oak St, Boston, MA"
1502,Mouse,3,800,2024-03-01 03:28:00,"500 Cedar Blvd, Phoenix, AZ"
1503,Mouse,3,800,2024-01-09 09:02:00,"123 Main St, Phoenix, AZ"
1504,Laptop,3,70000,2024-03-23 03:43:00,"500 Cedar Blvd, Boston, MA"
1505,Keyboard,5,1200,2024-01-23 17:10:00,"246 Oak St, Chicago, IL"
1506,Mouse,4,800,2024-01-30 12:40:00,"456 Maple Ave, Boston, MA"
1507,Headphones,4,2500,2024-02-20 00:47:00,"456 Maple Ave, Houston, TX"
1508,Mouse,5,800,2024-02-24 12:00:00,"456 Maple Ave, Phoenix, AZ"
1509,Keyboard,3,1200,2024-03-31 02:36:00,"246 Oak St, New York, NY"
1510,Keyboard,3,1200,2024-02-11 06:29:00,"789 Elm St, New York, NY"
1511,Headphones,4,2500,2024-03-08 20:20:00,"135 Pine Rd, Houston, TX"
1512,Tablet,4,30000,2024-03-16 03:22:00,"135 Pine Rd, Chicago, IL"
1513,Tablet,2,30000,2024-03-27 22:51:00,"246 Oak St, Chicago, IL"
1514,Tablet,1,30000,2024-03-27 04:20:00,"456 Maple Ave, New York, NY"
1515,Monitor,1,15000,2024-01-24 11:44:00,"246 Oak St, Boston, MA"
1516,Mouse,4,800,2024-03-17 04:36:00,"135 Pine Rd, Los Angeles, CA"
1517,Keyboard,4,1200,2024-03-22 17:44:00,"456 Maple Ave, Phoenix, AZ"
1518,Tablet,2,30000,2024-03-03 09:08:00,"789 Elm St, Boston, MA"
1519,Mouse,5,800,2024-01-07 11:00:00,"456 Maple Ave, Los Angeles, CA"
1520,Keyboard,4,1200,2024-03-12 16:41:00,"135 Pine Rd, Los Angeles, CA"
1521,Headphones,4,2500,2024-02-23 22:53:00,"135 Pine Rd, Los Angeles, CA"
1522,Keyboard,1,1200,2024-03-13 00:50:00,"789 Elm St, Boston, MA"
1523,Laptop,3,70000,2024-01-29 17:18:00,"135 Pine Rd, Boston, MA"
1524,Tablet,4,30000,2024-03-11 16:07:00,"123 Main St, Houston, TX"
1525,Monitor,5,15000,2024-02-16 17:52:00,"500 Cedar Blvd, New York, NY"
1526,Mouse,5,800,2024-01-28 13:06:00,"500 Cedar Blvd, Phoenix, AZ"
1527,Keyboard,3,1200,2024-01-05 14:16:00,"123 Main St, Chicago, IL"
1528,Mouse,1,800,2024-01-31 06:51:00,"246 Oak St, Phoenix, AZ"
1529,Headphones,3,2500,2024-03-31 19:40:00,"456 Maple Ave, Los Angeles, CA"
1530,Tablet,2,30000,2024-01-27 06:51:00,"246 Oak St, New York, NY"
1531,Monitor,5,15000,2024-02-05 19:34:00,"789 Elm St, Boston, MA"
1532,Headphones,3,2500,2024-02-07 18:17:00,"500 Cedar Blvd, Houston, TX"
1533,Laptop,2,70000,2024-02-22 01:17:00,"456 Maple Ave, Phoenix, AZ"
1534,Headphones,2,2500,2024-02-01 04:45:00,"456 Maple Ave, Chicago, IL"
1535,Headphones,4,2500,2024-03-03 04:36:00,"789 Elm St, Phoenix, AZ"
1536,Headphones,4,2500,2024-02-18 14:04:00,"123 Main St, Phoenix, AZ"
1537,Mouse,5,800,2024-02-05 22:59:00,"135 Pine Rd, Chicago, IL"
1538,Mouse,3,800,2024-03-15 00:55:00,"123 Main St, Phoenix, AZ"
1539,Headphones,4,2500,2024-03-22 21:44:00,"123 Main St, Chicago, IL"
1540,Tablet,4,30000,2024-01-28 13:52:00,"135 Pine Rd, Boston, MA"
1541,Monitor,3,15000,2024-02-06 10:35:00,"456 Maple Ave, Houston, TX"
1542,Tablet,4,30000,2024-02-13 21:48:00,"123 Main St, New York, NY"
1543,Laptop,4,70000,2024-01-03 03:59:00,"135 Pine Rd, Boston, MA"
1544,Mouse,1,800,2024-02-24 06:44:00,"500 Cedar Blvd, Boston, MA"
1545,Monitor,2,15000,2024-02-05 02:41:00,"789 Elm St, Chicago, IL"
1546,Laptop,3,70000,2024-03-26 20:10:00,"135 Pine Rd, New York, NY"
1547,Headphones,3,2500,2024-03-30 07:27:00,"123 Main St, Phoenix, AZ"
1548,Headphones,1,2500,2024-01-01 06:30:00,"456 Maple Ave, New York, NY"
1549,Tablet,2,30000,2024-03-07 21:28:00,"123 Main St, New York, NY"
1550,Headphones,3,2500,2024-01-16 13:44:00,"135 Pine Rd, Boston, MA"
1551,Laptop,2,70000,2024-02-19 02:46:00,"123 Main St, New York, NY"
1552,Monitor,3,15000,2024-02-08 04:24:00,"500 Cedar Blvd, Boston, MA"
1553,Headphones,2,2500,2024-01-09 16:36:00,"246 Oak St, New York, NY"
1554,Headphones,2,2500,2024-02-26 11:46:00,"500 Cedar Blvd, Boston, MA"
1555,Headphones,2,2500,2024-02-22 19:43:00,"456 Maple Ave, Los Angeles, CA"
1556,Laptop,1,70000,2024-01-18 03:37:00,"135 Pine Rd, Phoenix, AZ"
1557,Monitor,4,15000,2024-02-10 04:15:00,"500 Cedar Blvd, Chicago, IL"
1558,Laptop,2,70000,2024-03-11 19:38:00,"246 Oak St, Phoenix, AZ"
1559,Monitor,1,15000,2024-03-25 09:13:00,"246 Oak St, Houston, TX"
1560,Tablet,2,30000,2024-02-20 09:41:00,"456 Maple Ave, New York, NY"
1561,Mouse,4,800,2024-01-15 07:31:00,"246 Oak St, Phoenix, AZ"
1562,Laptop,5,70000,2024-01-02 11:59:00,"456 Maple Ave, Chicago, IL"
1563,Mouse,5,800,2024-02-23 11:34:00,"456 Maple Ave, Phoenix, AZ"
1564,Mouse,1,800,2024-01-03 18:04:00,"789 Elm St, New York, NY"
1565,Keyboard,1,1200,2024-01-08 12:32:00,"500 Cedar Blvd, Chicago, IL"
1566,Headphones,5,2500,2024-02-23 13:44:00,"123 Main St, Los Angeles, CA"
1567,Headphones,5,2500,2024-03-09 19:09:00,"123 Main St, Chicago, IL"
1568,Monitor,1,15000,2024-03-06 06:51:00,"246 Oak St, Boston, MA"
1569,Monitor,4,15000,2024-03-16 20:48:00,"500 Cedar Blvd, Phoenix, AZ"
1570,Headphones,1,2500,2024-02-09 22:27:00,"456 Maple Ave, Phoenix, AZ"
1571,Laptop,2,70000,2024-01-12 13:07:00,"246 Oak St, Los Angeles, CA"
1572,Tablet,1,30000,2024-02-09 21:47:00,"500 Cedar Blvd, Phoenix, AZ"
1573,Keyboard,1,1200,2024-01-02 22:08:00,"123 Main St, Phoenix, AZ"
1574,Keyboard,4,1200,2024-02-14 16:33:00,"789 Elm St, Phoenix, AZ"
1575,Keyboard,3,1200,2024-01-17 23:49:00,"500 Cedar Blvd, Chicago, IL"
1576,Laptop,1,70000,2024-02-12 13:17:00,"123 Main St, Houston, TX"
1577,Monitor,5,15000,2024-03-21 02:31:00,"246 Oak St, Los Angeles, CA"
1578,Monitor,1,15000,2024-03-04 18:10:00,"456 Maple Ave, Chicago, IL"
1579,Monitor,1,15000,2024-03-14 21:46:00,"456 Maple Ave, New York, NY"
1580,Headphones,5,2500,2024-01-01 01:54:00,"456 Maple Ave, New York, NY"
1581,Laptop,4,70000,2024-02-16 12:58:00,"456 Maple Ave, Boston, MA"
1582,Laptop,5,70000,2024-03-24 13:14:00,"456 Maple Ave, Chicago, IL"
1583,Mouse,3,800,2024-02-04 02:36:00,"123 Main St, Chicago, IL"
1584,Tablet,1,30000,2024-01-23 07:51:00,"123 Main St, Houston, TX"
1585,Mouse,1,800,2024-02-29 09:49:00,"789 Elm St, Chicago, IL"
1586,Laptop,5,70000,2024-02-28 00:23:00,"789 Elm St, Boston, MA"
1587,Tablet,3,30000,2024-03-20 07:29:00,"246 Oak St, Chicago, IL"
1588,Mouse,2,800,2024-03-10 07:09:00,"135 Pine Rd, New York, NY"
1589,Laptop,2,70000,2024-03-10 11:40:00,"123 Main St, Phoenix, AZ"
1590,Monitor,1,15000,2024-03-25 12:54:00,"500 Cedar Blvd, Phoenix, AZ"
1591,Monitor,1,15000,2024-01-27 16:15:00,"135 Pine Rd, Los Angeles, CA"
1592,Laptop,2,70000,2024-02-05 02:02:00,"246 Oak St, Boston, MA"
1593,Mouse,3,800,2024-02-28 23:05:00,"123 Main St, Houston, TX"
1594,Tablet,2,30000,2024-03-22 12:04:00,"246 Oak St, Houston, TX"
1595,Laptop,4,70000,2024-03-25 04:15:00,"789 Elm St, Chicago, IL"
1596,Monitor,4,15000,2024-03-30 23:20:00,"135 Pine Rd, Chicago, IL"
1597,Monitor,2,15000,2024-01-10 06:08:00,"123 Main St, Houston, TX"
1598,Keyboard,1,1200,2024-01-22 14:29:00,"135 Pine Rd, Chicago, IL"
1599,Laptop,5,70000,2024-02-15 06:28:00,"135 Pine Rd, Chicago, IL"
1600,Monitor,1,15000,2024-01-12 05:51:00,"789 Elm St, Phoenix, AZ"
1601,Headphones,5,2500,2024-01-06 06:53:00,"456 Maple Ave, Chicago, IL"
1602,Laptop,2,70000,2024-02-15 12:32:00,"500 Cedar Blvd, New York, NY"
1603,Monitor,3,15000,2024-01-23 00:25:00,"246 Oak St, Los Angeles, CA"
1604,Headphones,5,2500,2024-02-01 03:29:00,"456 Maple Ave, New York, NY"
1605,Laptop,1,70000,2024-01-08 07:08:00,"135 Pine Rd, Boston, MA"
1606,Monitor,1,15000,2024-03-15 18:16:00,"123 Main St, New York, NY"
1607,Laptop,2,70000,2024-03-23 14:51:00,"123 Main St, Boston, MA"
1608,Monitor,1,15000,2024-01-06 14:03:00,"246 Oak St, Boston, MA"
1609,Mouse,4,800,2024-03-04 00:24:00,"135 Pine Rd, Phoenix, AZ"
1610,Keyboard,3,1200,2024-01-28 05:17:00,"135 Pine Rd, Chicago, IL"
1611,Keyboard,1,1200,2024-03-19 19:39:00,"500 Cedar Blvd, Boston, MA"
1612,Monitor,4,15000,2024-02-22 17:30:00,"123 Main St, New York, NY"
1613,Monitor,4,15000,2024-01-18 13:12:00,"246 Oak St, Phoenix, AZ"
1614,Keyboard,5,1200,2024-01-03 12:50:00,"789 Elm St, Phoenix, AZ"
1615,Mouse,5,800,2024-03-03 11:58:00,"246 Oak St, Houston, TX"
1616,Monitor,4,15000,2024-02-04 05:01:00,"246 Oak St, Chicago, IL"
1617,Keyboard,1,1200,2024-02-05 01:51:00,"246 Oak St, Los Angeles, CA"
1618,Monitor,5,15000,2024-01-30 05:06:00,"500 Cedar Blvd, Boston, MA"
1619,Keyboard,3,1200,2024-03-09 23:03:00,"246 Oak St, Boston, MA"
1620,Mouse,3,800,2024-01-23 05:15:00,"789 Elm St, Houston, TX"
1621,Headphones,3,2500,2024-03-16 00:45:00,"789 Elm St, Phoenix, AZ"
1622,Tablet,5,30000,2024-01-19 18:12:00,"246 Oak St, Los Angeles, CA"
1623,Monitor,2,15000,2024-03-03 01:05:00,"456 Maple Ave, New York, NY"
1624,Tablet,2,30000,2024-01-03 16:30:00,"789 Elm St, New York, NY"
1625,Tablet,2,30000,2024-01-17 10:45:00,"789 Elm St, Boston, MA"
1626,Laptop,1,70000,2024-01-19 18:45:00,"123 Main St, Boston, MA"
1627,Tablet,3,30000,2024-01-10 11:45:00,"135 Pine Rd, Phoenix, AZ"
1628,Tablet,1,30000,2024-02-13 09:20:00,"456 Maple Ave, Boston, MA"
1629,Headphones,4,2500,2024-03-22 15:41:00,"456 Maple Ave, Chicago, IL"
1630,Headphones,5,2500,2024-03-29 19:50:00,"456 Maple Ave, Chicago, IL"
1631,Headphones,5,2500,2024-01-23 12:19:00,"500 Cedar Blvd, Phoenix, AZ"
1632,Monitor,2,15000,2024-01-23 23:00:00,"246 Oak St, Phoenix, AZ"
1633,Mouse,5,800,2024-01-05 05:38:00,"246 Oak St, Chicago, IL"
1634,Keyboard,5,1200,2024-01-14 15:09:00,"500 Cedar Blvd, Chicago, IL"
1635,Laptop,2,70000,2024-02-14 10:10:00,"123 Main St, Phoenix, AZ"
1636,Headphones,3,2500,2024-02-27 00:16:00,"456 Maple Ave, Boston, MA"
1637,Headphones,1,2500,2024-02-14 08:50:00,"500 Cedar Blvd, New York, NY"
1638,Laptop,1,70000,2024-02-19 14:46:00,"456 Maple Ave, Los Angeles, CA"
1639,Mouse,4,800,2024-02-18 11:34:00,"123 Main St, Los Angeles, CA"
1640,Mouse,5,800,2024-03-24 21:14:00,"135 Pine Rd, Boston, MA"
1641,Laptop,1,70000,2024-02-07 00:20:00,"123 Main St, Chicago, IL"
1642,Laptop,3,70000,2024-01-22 12:10:00,"123 Main St, Phoenix, AZ"
1643,Tablet,1,30000,2024-02-13 19:39:00,"500 Cedar Blvd, Los Angeles, CA"
1644,Laptop,4,70000,2024-03-24 05:38:00,"456 Maple Ave, Los Angeles, CA"
1645,Laptop,1,70000,2024-02-12 06:12:00,"500 Cedar Blvd, Los Angeles, CA"
1646,Tablet,5,30000,2024-02-03 21:18:00,"456 Maple Ave, Chicago, IL"
1647,Laptop,1,70000,2024-02-20 18:35:00,"456 Maple Ave, Los Angeles, CA"
1648,Laptop,3,70000,2024-01-01 13:05:00,"500 Cedar Blvd, Chicago, IL"
1649,Headphones,5,2500,2024-03-02 06:06:00,"456 Maple Ave, New York, NY"
1650,Keyboard,3,1200,2024-01-11 15:54:00,"789 Elm St, New York, NY"
1651,Mouse,4,800,2024-03-03 21:16:00,"500 Cedar Blvd, New York, NY"
1652,Tablet,4,30000,2024-01-24 11:56:00,"789 Elm St, Los Angeles, CA"
1653,Keyboard,4,1200,2024-01-06 08:28:00,"789 Elm St, Los Angeles, CA"
1654,Keyboard,3,1200,2024-03-13 01:09:00,"500 Cedar Blvd, Phoenix, AZ"
1655,Laptop,1,70000,2024-03-26 11:51:00,"135 Pine Rd, Houston, TX"
1656,Tablet,2,30000,2024-03-11 01:53:00,"246 Oak St, Los Angeles, CA"
1657,Mouse,5,800,2024-03-28 15:36:00,"135 Pine Rd, Boston, MA"
1658,Monitor,1,15000,2024-02-20 22:02:00,"246 Oak St, Houston, TX"
1659,Tablet,5,30000,2024-03-27 19:09:00,"135 Pine Rd, New York, NY"
1660,Keyboard,2,1200,2024-01-28 06:08:00,"135 Pine Rd, New York, NY"
1661,Laptop,4,70000,2024-01-26 20:09:00,"789 Elm St, Houston, TX"
1662,Monitor,1,15000,2024-01-12 12:35:00,"246 Oak St, Los Angeles, CA"
1663,Monitor,3,15000,2024-03-07 14:58:00,"500 Cedar Blvd, New York, NY"
1664,Tablet,5,30000,2024-03-07 13:07:00,"456 Maple Ave, Los Angeles, CA"
1665,Keyboard,5,1200,2024-03-16 18:48:00,"123 Main St, New York, NY"
1666,Tablet,1,30000,2024-02-06 17:56:00,"135 Pine Rd, Chicago, IL"
1667,Monitor,4,15000,2024-03-24 15:36:00,"135 Pine Rd, Houston, TX"
1668,Laptop,2,70000,2024-02-05 12:09:00,"246 Oak St, Houston, TX"
1669,Headphones,4,2500,2024-01-05 12:56:00,"500 Cedar Blvd, Chicago, IL"
1670,Keyboard,1,1200,2024-03-01 08:57:00,"123 Main St, Chicago, IL"
1671,Monitor,3,15000,2024-02-09 08:53:00,"500 Cedar Blvd, Los Angeles, CA"
1672,Headphones,1,2500,2024-01-30 04:19:00,"135 Pine Rd, Phoenix, AZ"
1673,Monitor,3,15000,2024-02-23 19:41:00,"456 Maple Ave, New York, NY"
1674,Mouse,2,800,2024-02-22 23:31:00,"789 Elm St, Houston, TX"
1675,Laptop,5,70000,2024-01-21 02:19:00,"246 Oak St, Phoenix, AZ"
1676,Mouse,2,800,2024-03-08 18:01:00,"456 Maple Ave, Boston, MA"
1677,Keyboard,1,1200,2024-02-01 01:29:00,"789 Elm St, New York, NY"
1678,Headphones,2,2500,2024-02-05 11:52:00,"246 Oak St, Los Angeles, CA"
1679,Mouse,1,800,2024-03-28 00:15:00,"135 Pine Rd, Chicago, IL"
1680,Tablet,4,30000,2024-01-23 15:37:00,"789 Elm St, Houston, TX"
1681,Monitor,2,15000,2024-02-03 23:53:00,"123 Main St, Phoenix, AZ"
1682,Monitor,1,15000,2024-02-19 01:10:00,"456 Maple Ave, Houston, TX"
1683,Keyboard,2,1200,2024-03-27 06:17:00,"135 Pine Rd, Phoenix, AZ"
1684,Tablet,1,30000,2024-03-28 00:30:00,"500 Cedar Blvd, Boston, MA"
1685,Keyboard,5,1200,2024-01-02 07:16:00,"789 Elm St, Houston, TX"
1686,Headphones,3,2500,2024-02-24 12:54:00,"135 Pine Rd, Chicago, IL"
1687,Monitor,2,15000,2024-02-29 09:43:00,"246 Oak St, Houston, TX"
1688,Mouse,5,800,2024-01-14 00:32:00,"789 Elm St, Phoenix, AZ"
1689,Tablet,5,30000,2024-03-18 09:19:00,"123 Main St, Phoenix, AZ"
1690,Mouse,1,800,2024-02-13 08:40:00,"789 Elm St, Chicago, IL"
1691,Monitor,3,15000,2024-01-25 04:33:00,"123 Main St, Boston, MA"
1692,Tablet,4,30000,2024-03-25 10:43:00,"500 Cedar Blvd, Boston, MA"
1693,Laptop,4,70000,2024-02-07 08:58:00,"135 Pine Rd, Los Angeles, CA"
1694,Mouse,1,800,2024-03-15 22:36:00,"789 Elm St, Boston, MA"
1695,Headphones,2,2500,2024-03-28 17:40:00,"500 Cedar Blvd, Los Angeles, CA"
1696,Monitor,5,15000,2024-02-08 05:53:00,"246 Oak St, Phoenix, AZ"
1697,Keyboard,3,1200,2024-01-13 15:08:00,"789 Elm St, Phoenix, AZ"
1698,Headphones,5,2500,2024-01-24 21:57:00,"500 Cedar Blvd, Chicago, IL"
1699,Laptop,2,70000,2024-02-15 07:47:00,"135 Pine Rd, Chicago, IL"
1700,Monitor,3,15000,2024-02-03 18:18:00,"123 Main St, Los Angeles, CA"
1701,Mouse,1,800,2024-03-22 18:37:00,"123 Main St, Houston, TX"
1702,Mouse,2,800,2024-03-05 03:55:00,"135 Pine Rd, Phoenix, AZ"
1703,Tablet,3,30000,2024-02-22 01:55:00,"456 Maple Ave, Boston, MA"
1704,Keyboard,3,1200,2024-02-22 18:57:00,"456 Maple Ave, Los Angeles, CA"
1705,Monitor,2,15000,2024-01-11 15:21:00,"456 Maple Ave, Phoenix, AZ"
1706,Monitor,1,15000,2024-01-01 14:17:00,"456 Maple Ave, Boston, MA"
1707,Tablet,2,30000,2024-03-03 02:08:00,"135 Pine Rd, Houston, TX"
1708,Headphones,4,2500,2024-02-21 13:30:00,"123 Main St, Los Angeles, CA"
1709,Laptop,5,70000,2024-01-26 23:23:00,"789 Elm St, New York, NY"
1710,Tablet,2,30000,2024-01-03 21:00:00,"500 Cedar Blvd, Phoenix, AZ"
1711,Keyboard,2,1200,2024-03-29 11:19:00,"123 Main St, Boston, MA"
1712,Mouse,5,800,2024-03-16 09:10:00,"123 Main St, New York, NY"
1713,Monitor,3,15000,2024-02-28 23:33:00,"246 Oak St, Houston, TX"
1714,Monitor,4,15000,2024-03-28 04:21:00,"789 Elm St, Los Angeles, CA"
1715,Keyboard,2,1200,2024-02-21 00:14:00,"500 Cedar Blvd, Boston, MA"
1716,Keyboard,2,1200,2024-01-03 18:32:00,"123 Main St, Boston, MA"
1717,Monitor,1,15000,2024-02-18 20:16:00,"246 Oak St, Houston, TX"
1718,Laptop,5,70000,2024-01-07 21:06:00,"123 Main St, Phoenix, AZ"
1719,Laptop,1,70000,2024-02-23 14:24:00,"246 Oak St, New York, NY"
1720,Monitor,4,15000,2024-03-30 04:13:00,"500 Cedar Blvd, Phoenix, AZ"
1721,Headphones,1,2500,2024-02-08 13:42:00,"500 Cedar Blvd, New York, NY"
1722,Tablet,3,30000,2024-03-20 19:44:00,"135 Pine Rd, Boston, MA"
1723,Laptop,5,70000,2024-03-20 03:18:00,"123 Main St, New York, NY"
1724,Mouse,2,800,2024-03-18 06:49:00,"246 Oak St, Chicago, IL"
1725,Keyboard,3,1200,2024-03-31 13:18:00,"123 Main St, Boston, MA"
1726,Tablet,4,30000,2024-01-27 22:59:00,"789 Elm St, Los Angeles, CA"
1727,Keyboard,1,1200,2024-01-02 21:05:00,"246 Oak St, New York, NY"
1728,Headphones,4,2500,2024-01-20 02:49:00,"123 Main St, Houston, TX"
1729,Headphones,1,2500,2024-02-02 20:14:00,"789 Elm St, Los Angeles, CA"
1730,Monitor,4,15000,2024-01-07 03:52:00,"123 Main St, Boston, MA"
1731,Monitor,3,15000,2024-03-27 10:27:00,"123 Main St, Phoenix, AZ"
1732,Laptop,1,70000,2024-01-02 04:42:00,"456 Maple Ave, Phoenix, AZ"
1733,Monitor,3,15000,2024-02-26 19:17:00,"123 Main St, Phoenix, AZ"
1734,Monitor,3,15000,2024-01-24 03:25:00,"135 Pine Rd, Los Angeles, CA"
1735,Monitor,4,15000,2024-03-29 15:51:00,"500 Cedar Blvd, Los Angeles, CA"
1736,Keyboard,1,1200,2024-01-17 22:46:00,"456 Maple Ave, New York, NY"
1737,Laptop,4,70000,2024-03-16 15:51:00,"500 Cedar Blvd, Houston, TX"
1738,Mouse,2,800,2024-03-19 12:49:00,"246 Oak St, Chicago, IL"
1739,Laptop,2,70000,2024-03-02 15:07:00,"135 Pine Rd, Los Angeles, CA"
1740,Laptop,1,70000,2024-02-03 20:20:00,"500 Cedar Blvd, New York, NY"
1741,Headphones,5,2500,2024-03-14 23:36:00,"500 Cedar Blvd, Boston, MA"
1742,Monitor,5,15000,2024-03-07 22:44:00,"123 Main St, Houston, TX"
1743,Mouse,2,800,2024-03-02 11:42:00,"500 Cedar Blvd, Phoenix, AZ"
1744,Mouse,2,800,2024-03-12 19:03:00,"500 Cedar Blvd, New York, NY"
1745,Keyboard,5,1200,2024-03-01 15:55:00,"123 Main St, Boston, MA"
1746,Mouse,3,800,2024-01-31 10:17:00,"246 Oak St, New York, NY"
1747,Keyboard,5,1200,2024-03-23 12:25:00,"123 Main St, Boston, MA"
1748,Mouse,4,800,2024-03-14 14:05:00,"135 Pine Rd, Los Angeles, CA"
1749,Monitor,1,15000,2024-03-04 23:41:00,"123 Main St, New York, NY"
1750,Mouse,4,800,2024-01-05 17:35:00,"123 Main St, New York, NY"
1751,Tablet,5,30000,2024-03-22 09:56:00,"246 Oak St, Houston, TX"
1752,Keyboard,4,1200,2024-02-13 11:52:00,"456 Maple Ave, New York, NY"
1753,Mouse,3,800,2024-03-12 19:38:00,"500 Cedar Blvd, Los Angeles, CA"
1754,Headphones,3,2500,2024-02-27 03:06:00,"456 Maple Ave, Phoenix, AZ"
1755,Laptop,3,70000,2024-02-15 20:51:00,"246 Oak St, Chicago, IL"
1756,Tablet,3,30000,2024-03-30 03:02:00,"135 Pine Rd, Boston, MA"
1757,Keyboard,4,1200,2024-01-14 08:39:00,"456 Maple Ave, Boston, MA"
1758,Laptop,4,70000,2024-01-28 14:52:00,"500 Cedar Blvd, Boston, MA"
1759,Monitor,1,15000,2024-02-23 01:59:00,"500 Cedar Blvd, Phoenix, AZ"
1760,Tablet,1,30000,2024-02-27 14:42:00,"246 Oak St, Houston, TX"
1761,Keyboard,4,1200,2024-01-01 16:47:00,"246 Oak St, New York, NY"
1762,Mouse,5,800,2024-03-02 16:49:00,"500 Cedar Blvd, Boston, MA"
1763,Tablet,2,30000,2024-01-17 03:24:00,"246 Oak St, Phoenix, AZ"
1764,Tablet,3,30000,2024-03-05 12:26:00,"500 Cedar Blvd, Houston, TX"
1765,Keyboard,3,1200,2024-02-20 10:18:00,"456 Maple Ave, Los Angeles, CA"
1766,Keyboard,4,1200,2024-03-18 22:56:00,"246 Oak St, Phoenix, AZ"
1767,Monitor,5,15000,2024-02-10 22:47:00,"500 Cedar Blvd, Houston, TX"
1768,Keyboard,2,1200,2024-01-27 19:45:00,"500 Cedar Blvd, Chicago, IL"
1769,Monitor,2,15000,2024-03-31 20:11:00,"246 Oak St, Houston, TX"
1770,Headphones,3,2500,2024-03-31 03:48:00,"246 Oak St, Chicago, IL"
1771,Mouse,5,800,2024-03-14 21:45:00,"500 Cedar Blvd, Los Angeles, CA"
1772,Headphones,5,2500,2024-02-06 13:51:00,"246 Oak St, New York, NY"
1773,Laptop,1,70000,2024-02-18 04:03:00,"123 Main St, Phoenix, AZ"
1774,Keyboard,3,1200,2024-01-21 09:43:00,"456 Maple Ave, Chicago, IL"
1775,Laptop,3,70000,2024-01-27 17:02:00,"135 Pine Rd, Chicago, IL"
1776,Laptop,5,70000,2024-03-27 23:35:00,"500 Cedar Blvd, Boston, MA"
1777,Headphones,5,2500,2024-02-19 07:32:00,"789 Elm St, Phoenix, AZ"
1778,Headphones,1,2500,2024-02-18 12:26:00,"789 Elm St, Phoenix, AZ"
1779,Tablet,1,30000,2024-01-02 23:16:00,"246 Oak St, Boston, MA"
1780,Mouse,2,800,2024-03-22 22:45:00,"789 Elm St, Phoenix, AZ"
1781,Tablet,5,30000,2024-03-18 06:49:00,"456 Maple Ave, Phoenix, AZ"
1782,Monitor,4,15000,2024-01-23 21:04:00,"456 Maple Ave, Boston, MA"
1783,Headphones,5,2500,2024-01-16 12:02:00,"789 Elm St, Los Angeles, CA"
1784,Tablet,3,30000,2024-01-17 05:37:00,"123 Main St, Chicago, IL"
1785,Monitor,4,15000,2024-03-31 04:02:00,"789 Elm St, Boston, MA"
1786,Tablet,1,30000,2024-03-21 19:53:00,"789 Elm St, Phoenix, AZ"
1787,Mouse,5,800,2024-03-11 11:04:00,"789 Elm St, Phoenix, AZ"
1788,Tablet,2,30000,2024-01-24 16:04:00,"456 Maple Ave, Houston, TX"
1789,Mouse,5,800,2024-03-09 12:05:00,"456 Maple Ave, Chicago, IL"
1790,Keyboard,3,1200,2024-02-12 11:18:00,"246 Oak St, Boston, MA"
1791,Tablet,4,30000,2024-03-12 20:00:00,"500 Cedar Blvd, New York, NY"
1792,Monitor,4,15000,2024-01-31 20:39:00,"456 Maple Ave, Houston, TX"
1793,Laptop,3,70000,2024-02-18 03:24:00,"246 Oak St, Chicago, IL"
1794,Headphones,3,2500,2024-01-04 16:52:00,"246 Oak St, Chicago, IL"
1795,Tablet,4,30000,2024-03-03 01:18:00,"456 Maple Ave, Phoenix, AZ"
1796,Monitor,5,15000,2024-01-11 03:10:00,"246 Oak St, Houston, TX"
1797,Laptop,1,70000,2024-01-27 21:40:00,"500 Cedar Blvd, Boston, MA"
1798,Mouse,1,800,2024-01-27 17:53:00,"500 Cedar Blvd, Phoenix, AZ"
1799,Mouse,1,800,2024-03-28 04:01:00,"500 Cedar Blvd, Los Angeles, CA"
1800,Monitor,1,15000,2024-01-12 02:03:00,"789 Elm St, Boston, MA"
1801,Tablet,1,30000,2024-03-14 07:58:00,"135 Pine Rd, Chicago, IL"
1802,Mouse,4,800,2024-03-21 12:27:00,"123 Main St, Chicago, IL"
1803,Mouse,1,800,2024-03-09 00:41:00,"246 Oak St, Phoenix, AZ"
1804,Laptop,5,70000,2024-01-06 22:54:00,"789 Elm St, New York, NY"
1805,Tablet,1,30000,2024-02-07 21:19:00,"123 Main St, Houston, TX"
1806,Monitor,4,15000,2024-02-18 12:52:00,"123 Main St, Phoenix, AZ"
1807,Mouse,2,800,2024-03-09 07:08:00,"135 Pine Rd, Phoenix, AZ"
1808,Tablet,3,30000,2024-03-22 04:19:00,"500 Cedar Blvd, Phoenix, AZ"
1809,Headphones,3,2500,2024-01-02 17:55:00,"456 Maple Ave, Houston, TX"
1810,Laptop,1,70000,2024-01-01 18:38:00,"246 Oak St, Los Angeles, CA"
1811,Tablet,1,30000,2024-02-09 06:47:00,"500 Cedar Blvd, Phoenix, AZ"
1812,Monitor,2,15000,2024-02-22 20:54:00,"456 Maple Ave, Houston, TX"
1813,Keyboard,2,1200,2024-01-29 19:53:00,"456 Maple Ave, Chicago, IL"
1814,Laptop,2,70000,2024-03-26 18:54:00,"246 Oak St, New York, NY"
1815,Mouse,5,800,2024-01-10 09:42:00,"789 Elm St, New York, NY"
1816,Laptop,2,70000,2024-03-15 15:21:00,"456 Maple Ave, Chicago, IL"
1817,Headphones,2,2500,2024-01-13 09:39:00,"456 Maple Ave, New York, NY"
1818,Monitor,4,15000,2024-02-27 10:39:00,"789 Elm St, Phoenix, AZ"
1819,Headphones,5,2500,2024-01-20 18:36:00,"789 Elm St, Chicago, IL"
1820,Mouse,2,800,2024-01-01 10:15:00,"500 Cedar Blvd, Boston, MA"
1821,Headphones,4,2500,2024-02-05 11:08:00,"500 Cedar Blvd, Phoenix, AZ"
1822,Monitor,4,15000,2024-02-29 14:22:00,"135 Pine Rd, Chicago, IL"
1823,Tablet,1,30000,2024-01-23 20:38:00,"789 Elm St, New York, NY"
1824,Keyboard,5,1200,2024-01-26 08:46:00,"123 Main St, Phoenix, AZ"
1825,Headphones,1,2500,2024-01-03 16:40:00,"246 Oak St, New York, NY"
1826,Tablet,4,30000,2024-03-16 06:58:00,"246 Oak St, New York, NY"
1827,Monitor,5,15000,2024-03-10 15:41:00,"789 Elm St, Boston, MA"
1828,Mouse,2,800,2024-03-16 23:54:00,"456 Maple Ave, Chicago, IL"
1829,Mouse,5,800,2024-03-06 02:25:00,"246 Oak St, Chicago, IL"
1830,Laptop,2,70000,2024-03-19 21:10:00,"456 Maple Ave, Houston, TX"
1831,Mouse,2,800,2024-01-23 18:36:00,"456 Maple Ave, Phoenix, AZ"
1832,Headphones,4,2500,2024-02-15 01:14:00,"456 Maple Ave, Los Angeles, CA"
1833,Laptop,3,70000,2024-02-17 07:02:00,"456 Maple Ave, Phoenix, AZ"
1834,Tablet,3,30000,2024-02-19 15:58:00,"123 Main St, Los Angeles, CA"
1835,Laptop,3,70000,2024-01-14 22:33:00,"789 Elm St, Phoenix, AZ"
1836,Headphones,3,2500,2024-03-15 17:36:00,"135 Pine Rd, Boston, MA"
1837,Headphones,4,2500,2024-02-16 18:41:00,"246 Oak St, New York, NY"
1838,Monitor,4,15000,2024-01-29 16:25:00,"789 Elm St, Chicago, IL"
1839,Mouse,4,800,2024-03-18 00:32:00,"135 Pine Rd, Boston, MA"
1840,Keyboard,2,1200,2024-01-10 16:41:00,"456 Maple Ave, Chicago, IL"
1841,Keyboard,2,1200,2024-01-21 11:38:00,"123 Main St, Phoenix, AZ"
1842,Headphones,2,2500,2024-02-23 10:46:00,"135 Pine Rd, New York, NY"
1843,Headphones,4,2500,2024-03-02 06:37:00,"500 Cedar Blvd, Boston, MA"
1844,Mouse,1,800,2024-02-01 01:08:00,"246 Oak St, Houston, TX"
1845,Keyboard,2,1200,2024-03-21 16:02:00,"456 Maple Ave, Houston, TX"
1846,Laptop,2,70000,2024-02-03 05:33:00,"246 Oak St, Los Angeles, CA"
1847,Tablet,1,30000,2024-03-25 09:05:00,"135 Pine Rd, Boston, MA"
1848,Tablet,4,30000,2024-03-02 05:14:00,"246 Oak St, Los Angeles, CA"
1849,Keyboard,5,1200,2024-01-24 19:42:00,"789 Elm St, Houston, TX"
1850,Keyboard,3,1200,2024-02-28 19:37:00,"456 Maple Ave, New York, NY"
1851,Mouse,4,800,2024-01-17 03:01:00,"246 Oak St, Boston, MA"
1852,Tablet,4,30000,2024-01-20 19:06:00,"135 Pine Rd, Boston, MA"
1853,Tablet,5,30000,2024-01-05 17:32:00,"123 Main St, New York, NY"
1854,Mouse,2,800,2024-03-18 17:52:00,"500 Cedar Blvd, New York, NY"
1855,Headphones,4,2500,2024-03-07 13:23:00,"500 Cedar Blvd, New York, NY"
1856,Tablet,4,30000,2024-01-30 15:50:00,"789 Elm St, Los Angeles, CA"
1857,Tablet,5,30000,2024-01-13 13:08:00,"135 Pine Rd, Chicago, IL"
1858,Keyboard,1,1200,2024-02-06 19:56:00,"135 Pine Rd, Houston, TX"
1859,Monitor,2,15000,2024-01-01 22:47:00,"246 Oak St, New York, NY"
1860,Tablet,1,30000,2024-03-07 00:24:00,"456 Maple Ave, Phoenix, AZ"
1861,Headphones,3,2500,2024-02-22 11:06:00,"135 Pine Rd, Boston, MA"
1862,Headphones,5,2500,2024-02-02 08:54:00,"135 Pine Rd, Houston, TX"
1863,Tablet,3,30000,2024-03-19 08:43:00,"456 Maple Ave, Los Angeles, CA"
1864,Mouse,5,800,2024-03-12 15:11:00,"246 Oak St, Chicago, IL"
1865,Tablet,4,30000,2024-02-02 09:36:00,"500 Cedar Blvd, Chicago, IL"
1866,Mouse,2,800,2024-03-25 03:47:00,"135 Pine Rd, Boston, MA"
1867,Headphones,2,2500,2024-01-13 06:32:00,"789 Elm St, Los Angeles, CA"
1868,Tablet,5,30000,2024-03-30 21:45:00,"456 Maple Ave, New York, NY"
1869,Mouse,1,800,2024-01-12 04:30:00,"135 Pine Rd, Houston, TX"
1870,Laptop,1,70000,2024-02-03 07:23:00,"246 Oak St, New York, NY"
1871,Laptop,4,70000,2024-02-21 19:41:00,"789 Elm St, Houston, TX"
1872,Headphones,5,2500,2024-01-08 05:40:00,"135 Pine Rd, Los Angeles, CA"
1873,Laptop,2,70000,2024-03-25 16:18:00,"123 Main St, Boston, MA"
1874,Tablet,5,30000,2024-03-07 22:14:00,"456 Maple Ave, Houston, TX"
1875,Headphones,1,2500,2024-02-16 07:41:00,"456 Maple Ave, New York, NY"
1876,Laptop,3,70000,2024-02-21 11:42:00,"135 Pine Rd, Los Angeles, CA"
1877,Tablet,2,30000,2024-03-07 00:47:00,"123 Main St, Phoenix, AZ"
1878,Laptop,5,70000,2024-02-06 23:53:00,"246 Oak St, Houston, TX"
1879,Monitor,3,15000,2024-02-05 07:38:00,"135 Pine Rd, Boston, MA"
1880,Mouse,5,800,2024-01-01 08:11:00,"246 Oak St, Los Angeles, CA"
1881,Laptop,5,70000,2024-01-10 16:18:00,"123 Main St, Chicago, IL"
1882,Tablet,3,30000,2024-03-09 18:16:00,"135 Pine Rd, Phoenix, AZ"
1883,Mouse,5,800,2024-03-02 07:48:00,"135 Pine Rd, Chicago, IL"
1884,Headphones,4,2500,2024-03-16 00:30:00,"789 Elm St, New York, NY"
1885,Laptop,4,70000,2024-03-22 07:43:00,"456 Maple Ave, Phoenix, AZ"
1886,Monitor,4,15000,2024-02-15 16:34:00,"500 Cedar Blvd, New York, NY"
1887,Monitor,2,15000,2024-02-06 02:25:00,"500 Cedar Blvd, Phoenix, AZ"
1888,Monitor,1,15000,2024-03-11 05:30:00,"789 Elm St, Chicago, IL"
1889,Keyboard,5,1200,2024-02-04 05:47:00,"456 Maple Ave, Phoenix, AZ"
1890,Mouse,2,800,2024-01-31 23:15:00,"456 Maple Ave, Chicago, IL"
1891,Keyboard,2,1200,2024-02-01 19:22:00,"123 Main St, Boston, MA"
1892,Laptop,1,70000,2024-03-27 21:31:00,"123 Main St, Houston, TX"
1893,Tablet,1,30000,2024-03-02 11:39:00,"135 Pine Rd, Chicago, IL"
1894,Tablet,3,30000,2024-03-03 05:48:00,"789 Elm St, Houston, TX"
1895,Mouse,2,800,2024-03-14 04:03:00,"135 Pine Rd, Houston, TX"
1896,Mouse,5,800,2024-01-05 16:22:00,"500 Cedar Blvd, Los Angeles, CA"
1897,Keyboard,4,1200,2024-01-16 22:33:00,"789 Elm St, Los Angeles, CA"
1898,Headphones,1,2500,2024-01-02 21:13:00,"246 Oak St, Los Angeles, CA"
1899,Laptop,3,70000,2024-02-16 19:55:00,"456 Maple Ave, Chicago, IL"
1900,Tablet,3,30000,2024-01-31 08:30:00,"789 Elm St, Houston, TX"
1901,Monitor,2,15000,2024-03-04 13:13:00,"500 Cedar Blvd, Los Angeles, CA"
1902,Monitor,3,15000,2024-02-21 08:28:00,"246 Oak St, Boston, MA"
1903,Keyboard,5,1200,2024-03-28 07:52:00,"500 Cedar Blvd, New York, NY"
1904,Monitor,2,15000,2024-03-12 13:54:00,"456 Maple Ave, Los Angeles, CA"
1905,Keyboard,2,1200,2024-03-01 00:11:00,"135 Pine Rd, Los Angeles, CA"
1906,Keyboard,5,1200,2024-03-09 23:20:00,"789 Elm St, Los Angeles, CA"
1907,Monitor,5,15000,2024-03-13 01:25:00,"500 Cedar Blvd, New York, NY"
1908,Keyboard,1,1200,2024-01-28 08:30:00,"123 Main St, Phoenix, AZ"
1909,Mouse,3,800,2024-02-03 11:23:00,"246 Oak St, Houston, TX"
1910,Monitor,3,15000,2024-01-03 13:07:00,"500 Cedar Blvd, Chicago, IL"
1911,Tablet,2,30000,2024-03-14 18:41:00,"246 Oak St, Phoenix, AZ"
1912,Keyboard,3,1200,2024-02-15 10:43:00,"135 Pine Rd, Houston, TX"
1913,Headphones,4,2500,2024-01-11 12:39:00,"135 Pine Rd, Chicago, IL"
1914,Headphones,2,2500,2024-01-22 20:51:00,"135 Pine Rd, Chicago, IL"
1915,Headphones,5,2500,2024-03-14 12:54:00,"123 Main St, New York, NY"
1916,Keyboard,3,1200,2024-01-30 10:20:00,"789 Elm St, Phoenix, AZ"
1917,Headphones,3,2500,2024-03-18 20:25:00,"135 Pine Rd, Chicago, IL"
1918,Monitor,5,15000,2024-03-07 14:26:00,"456 Maple Ave, Boston, MA"
1919,Laptop,2,70000,2024-01-31 21:16:00,"500 Cedar Blvd, Phoenix, AZ"
1920,Headphones,1,2500,2024-01-27 05:25:00,"123 Main St, New York, NY"
1921,Laptop,4,70000,2024-03-11 01:01:00,"246 Oak St, Los Angeles, CA"
1922,Laptop,1,70000,2024-02-03 19:09:00,"500 Cedar Blvd, New York, NY"
1923,Mouse,3,800,2024-01-30 07:47:00,"135 Pine Rd, Chicago, IL"
1924,Headphones,2,2500,2024-01-17 16:53:00,"123 Main St, Boston, MA"
1925,Laptop,3,70000,2024-02-11 15:29:00,"789 Elm St, Houston, TX"
1926,Tablet,4,30000,2024-01-18 22:34:00,"246 Oak St, Boston, MA"
1927,Tablet,4,30000,2024-03-21 23:40:00,"135 Pine Rd, Houston, TX"
1928,Tablet,5,30000,2024-02-09 11:30:00,"456 Maple Ave, Houston, TX"
1929,Laptop,4,70000,2024-02-09 11:26:00,"456 Maple Ave, Chicago, IL"
1930,Monitor,1,15000,2024-01-01 16:52:00,"789 Elm St, Boston, MA"
1931,Monitor,4,15000,2024-03-09 00:44:00,"135 Pine Rd, Los Angeles, CA"
1932,Monitor,1,15000,2024-02-25 09:38:00,"123 Main St, Boston, MA"
1933,Tablet,3,30000,2024-01-25 13:56:00,"135 Pine Rd, Houston, TX"
1934,Mouse,2,800,2024-01-21 22:47:00,"135 Pine Rd, Phoenix, AZ"
1935,Mouse,2,800,2024-02-03 02:27:00,"456 Maple Ave, Phoenix, AZ"
1936,Tablet,5,30000,2024-03-29 21:17:00,"500 Cedar Blvd, Chicago, IL"
1937,Headphones,5,2500,2024-02-04 13:12:00,"456 Maple Ave, New York, NY"
1938,Keyboard,3,1200,2024-01-15 20:29:00,"135 Pine Rd, Houston, TX"
1939,Monitor,5,15000,2024-03-03 06:20:00,"456 Maple Ave, New York, NY"
1940,Laptop,5,70000,2024-01-03 05:06:00,"789 Elm St, Chicago, IL"
1941,Keyboard,4,1200,2024-01-02 07:05:00,"123 Main St, Boston, MA"
1942,Mouse,2,800,2024-02-13 13:19:00,"789 Elm St, Los Angeles, CA"
1943,Mouse,1,800,2024-02-12 02:53:00,"123 Main St, Boston, MA"
1944,Monitor,4,15000,2024-01-10 17:30:00,"456 Maple Ave, Boston, MA"
1945,Monitor,4,15000,2024-01-02 03:49:00,"456 Maple Ave, Phoenix, AZ"
1946,Mouse,4,800,2024-02-01 23:02:00,"135 Pine Rd, Boston, MA"
1947,Headphones,1,2500,2024-03-07 21:13:00,"135 Pine Rd, Los Angeles, CA"
1948,Headphones,3,2500,2024-02-11 05:40:00,"123 Main St, Phoenix, AZ"
1949,Headphones,5,2500,2024-03-07 03:16:00,"500 Cedar Blvd, Los Angeles, CA"
1950,Monitor,2,15000,2024-02-16 01:55:00,"456 Maple Ave, Phoenix, AZ"
1951,Laptop,2,70000,2024-03-22 13:20:00,"456 Maple Ave, New York, NY"
1952,Monitor,5,15000,2024-01-16 12:50:00,"123 Main St, Boston, MA"
1953,Laptop,5,70000,2024-03-29 15:44:00,"456 Maple Ave, Houston, TX"
1954,Monitor,1,15000,2024-02-01 05:31:00,"500 Cedar Blvd, New York, NY"
1955,Tablet,3,30000,2024-03-21 01:03:00,"500 Cedar Blvd, Chicago, IL"
1956,Keyboard,5,1200,2024-01-14 04:31:00,"789 Elm St, Boston, MA"
1957,Tablet,3,30000,2024-02-26 23:12:00,"500 Cedar Blvd, New York, NY"
1958,Mouse,3,800,2024-01-18 08:57:00,"135 Pine Rd, New York, NY"
1959,Headphones,4,2500,2024-03-12 09:34:00,"135 Pine Rd, Phoenix, AZ"
1960,Keyboard,5,1200,2024-01-24 17:22:00,"500 Cedar Blvd, Chicago, IL"
1961,Mouse,3,800,2024-03-17 17:10:00,"246 Oak St, New York, NY"
1962,Keyboard,4,1200,2024-02-07 08:34:00,"135 Pine Rd, Chicago, IL"
1963,Laptop,5,70000,2024-02-18 23:11:00,"246 Oak St, New York, NY"
1964,Monitor,5,15000,2024-01-31 10:46:00,"500 Cedar Blvd, New York, NY"
1965,Tablet,4,30000,2024-01-25 16:43:00,"246 Oak St, Los Angeles, CA"
1966,Keyboard,5,1200,2024-02-06 10:26:00,"789 Elm St, Phoenix, AZ"
1967,Laptop,1,70000,2024-03-07 21:04:00,"456 Maple Ave, New York, NY"
1968,Keyboard,1,1200,2024-01-26 03:31:00,"123 Main St, Boston, MA"
1969,Laptop,5,70000,2024-03-23 12:42:00,"246 Oak St, Los Angeles, CA"
1970,Tablet,5,30000,2024-02-02 01:23:00,"246 Oak St, Boston, MA"
1971,Headphones,1,2500,2024-01-02 06:41:00,"123 Main St, Los Angeles, CA"
1972,Mouse,1,800,2024-02-16 17:47:00,"789 Elm St, Los Angeles, CA"
1973,Headphones,1,2500,2024-03-19 08:33:00,"500 Cedar Blvd, New York, NY"
1974,Laptop,3,70000,2024-01-10 06:33:00,"123 Main St, New York, NY"
1975,Headphones,2,2500,2024-03-09 12:12:00,"246 Oak St, Boston, MA"
1976,Headphones,2,2500,2024-03-13 20:11:00,"500 Cedar Blvd, Houston, TX"
1977,Tablet,4,30000,2024-01-14 20:36:00,"500 Cedar Blvd, Chicago, IL"
1978,Mouse,4,800,2024-01-14 05:50:00,"246 Oak St, Boston, MA"
1979,Mouse,5,800,2024-02-13 21:10:00,"246 Oak St, Houston, TX"
1980,Mouse,3,800,2024-02-10 17:20:00,"135 Pine Rd, Chicago, IL"
1981,Headphones,4,2500,2024-02-11 19:15:00,"246 Oak St, Houston, TX"
1982,Keyboard,4,1200,2024-03-11 23:16:00,"135 Pine Rd, Chicago, IL"
1983,Mouse,4,800,2024-01-01 23:02:00,"246 Oak St, Chicago, IL"
1984,Laptop,5,70000,2024-01-18 09:00:00,"456 Maple Ave, Chicago, IL"
1985,Keyboard,3,1200,2024-01-03 22:52:00,"246 Oak St, Chicago, IL"
1986,Tablet,5,30000,2024-03-14 18:09:00,"123 Main St, New York, NY"
1987,Mouse,3,800,2024-01-20 04:16:00,"246 Oak St, Chicago, IL"
1988,Keyboard,2,1200,2024-02-02 09:05:00,"135 Pine Rd, Houston, TX"
1989,Tablet,2,30000,2024-01-10 23:20:00,"456 Maple Ave, Los Angeles, CA"
1990,Mouse,5,800,2024-01-13 19:41:00,"123 Main St, Chicago, IL"
1991,Headphones,5,2500,2024-02-18 02:49:00,"789 Elm St, New York, NY"
1992,Monitor,4,15000,2024-02-23 03:55:00,"500 Cedar Blvd, Boston, MA"
1993,Headphones,5,2500,2024-01-02 20:49:00,"135 Pine Rd, Phoenix, AZ"
1994,Laptop,3,70000,2024-03-08 01:20:00,"246 Oak St, Houston, TX"
1995,Keyboard,3,1200,2024-03-05 22:14:00,"123 Main St, Boston, MA"
1996,Headphones,4,2500,2024-02-27 19:36:00,"123 Main St, Houston, TX"
1997,Keyboard,4,1200,2024-02-07 12:09:00,"789 Elm St, Boston, MA"
1998,Laptop,4,70000,2024-03-14 23:03:00,"135 Pine Rd, Houston, TX"
1999,Monitor,1,15000,2024-02-21 16:27:00,"456 Maple Ave, Phoenix, AZ"
2000,Keyboard,4,1200,2024-03-12 06:31:00,"500 Cedar Blvd, Los Angeles, CA"
